chembl_id,label,pchembl,smiles
CHEMBL191715,Active,6.360,Oc1ccc(-c2ccc3ccc(O)cc3c2)cc1
CHEMBL5080148,Active,7.580,C[C@@H]1Cc2c([nH]c3ccccc23)[C@@H](c2c(F)cc(N3CCC(F)(F)CC3)cc2F)N1CC(C)(C)F
CHEMBL5943322,Active,7.920,Cc1ncc(OCCNCCCF)cc1[C@@H]1c2[nH]c3ccccc3c2C[C@@H](C)N1CC(F)(F)F
CHEMBL4168602,Active,6.590,c1ccc(Cn2c(-c3nc4ccccc4[nH]3)cc3ccccc32)cc1
CHEMBL5972587,Active,8.700,C[C@@H]1Cc2c(ccc3[nH]ncc23)[C@@H](c2c(F)cc(NC3CN(CCCF)C3)cc2F)N1CC(F)(F)F
CHEMBL3581693,Active,9.070,CC/C(=C(/c1ccc(/C=C/C(=O)O)cc1)c1ccc2[nH]ncc2c1)c1ccc(F)cc1Cl
CHEMBL150279,Active,6.520,CN(CCCc1ccc(F)cc1)c1nc(NCCc2ccc(O)cc2)nc(N2CCNCC2)n1
CHEMBL5590745,Active,6.430,O=C(CCCCCOc1ccc(-c2sc3cc(O)ccc3c2C(=O)c2ccc(OCCN3CCCCC3)cc2)cc1)NO
CHEMBL5922259,Active,6.280,CCN1CCc2cc(C3=C(c4ccc(O[C@H]5CCN(CCCF)C5)cc4)c4ccc(O)cc4CCC3)ccc21
CHEMBL3657161,Active,8.050,Cc1c(-c2cccc(O)c2)n(Cc2ccc(OCCN3CCCCCC3)cc2)c2ccc(O)cc12
CHEMBL5759754,Active,7.770,C[C@@H]1Cc2c([nH]c3ccccc23)[C@@H](c2cc(OCCNCCCF)ncn2)N1CC(F)(F)F
CHEMBL6167347,Active,7.310,CC/C(=C(/c1ccc(-c2ccc(C(=O)O)cc2)cc1)c1ccc(-c2cn[nH]c2)cc1)c1ccc(F)cc1Cl
CHEMBL193064,Active,6.630,CCc1cc(-c2ccc(O)c(F)c2)cc2ccc(O)cc12
CHEMBL368688,Active,9.050,Oc1ccc([C@H]2Sc3cc(O)ccc3O[C@H]2c2ccc(OCCN3C4CCC3CC4)cc2)cc1
CHEMBL124474,Active,8.850,Oc1ccc([C@H]2Sc3cc(O)ccc3O[C@H]2c2ccc(CCCN3CCCCC3)cc2)cc1
CHEMBL371624,Active,6.980,N#Cc1cc(-c2ccc(O)cc2)cc2ccc(O)cc12
CHEMBL5400175,Active,8.060,C[C@@H]1Cc2c([nH]c3ccccc23)[C@@H](c2cccc(OCCNCCCF)c2)N1CC1(F)COC1
CHEMBL3597499,Active,7.890,CC[C@H](C)[C@@H]1NC(=O)[C@H](NC(=O)[C@@H](N)CCCNC(=N)N)CSSC[C@@H](C(=O)N[C@@H](CCCNC(=N)N)C(=O)NC(CC(C)(C)C)C(=O)N[C@@H](CC(C)C)C(=O)N[C@@H](CCC(N)=O)C(N)=O)NC(=O)[C@H](CC(C)C)NC1=O
CHEMBL4447143,Active,9.770,CC1=C(C2CCC(F)(F)CC2)[C@H](c2ccc(OCCN3CC(CF)C3)cc2)Oc2ccc(O)cc21
CHEMBL3823498,Active,6.420,CNCCCCCCCCCCCCn1c(-c2ccc(O)cc2)c(C)c2cc(O)ccc21
CHEMBL5853394,Active,7.570,Cc1oncc1C1=C(c2ccc(O[C@H]3CCN(CCCF)C3)cc2)c2ccc(O)cc2CCC1
CHEMBL4588281,Active,9.520,CC1=C(c2ccc(N)nc2)[C@H](c2ccc(OCCN3CC(CF)C3)cc2)Oc2ccc(O)cc21
CHEMBL4077815,Active,7.920,CCc1c(-c2ccc(O)cc2F)c(=O)oc2cc(O)ccc12
CHEMBL5862290,Active,6.800,Oc1ccc2c(c1)CCCC(c1cc(F)c(Cl)cc1Cl)=C2c1ccc(O[C@H]2CCN(CCCF)C2)cc1
CHEMBL4650365,Active,8.820,C[C@@H]1Cc2c(ccc3[nH]ncc23)[C@@H](c2ccc(NC3CN(CCCF)C3)cn2)N1CC(F)(F)F
CHEMBL5975666,Active,7.770,COc1cc(C2=C(c3ccc(O[C@H]4CCN(CCCF)C4)cc3)c3ccc(O)cc3CCC2)ccn1
CHEMBL5829098,Active,8.460,CC(C)c1cc(F)ccc1-c1sc2cc(O)ccc2c1Oc1ccc(/C=C/C(=O)O)cc1
CHEMBL6049754,Active,7.900,Oc1ccc2c(c1)CC[C@@H](c1ccccc1)[C@H]2c1ccc(OCCN2CC(CF)C2)nc1
CHEMBL2332578,Active,6.210,Oc1ccc(-c2cc(-c3ccccc3)c(-c3ccc(O)cc3F)s2)c(F)c1
CHEMBL3588865,Active,6.435,O=C(O)CCCCCCC(=O)Nc1ccc(C2=C(c3ccc(O)cc3)C3CC(S(=O)(=O)Oc4ccccc4)C2O3)cc1
CHEMBL264216,Active,8.480,Oc1ccc2c(c1)sc1c3cc(O)ccc3n(Cc3ccc(OCCN4CCCCCC4)cc3)c21
CHEMBL5191700,Active,8.570,FCCCN1CC(Oc2ccc(Oc3c(-c4ccc(F)cc4CC(F)(F)F)sc4c3ccc3[nH]ncc34)cc2F)C1
CHEMBL4098433,Active,8.500,O=C(/C=C/c1ccc(Oc2c(-c3ccc(O)cc3)sc3cc(O)ccc23)cc1)NCCC(F)(F)F
CHEMBL4082698,Active,8.480,CCOC(=O)/C=C/c1ccc(C(=C2C3CC4CC(C3)CC2C4)c2ccc(O)cc2)cc1
CHEMBL3657166,Active,8.400,Oc1ccc(-c2c(Cl)c3cc(O)ccc3n2Cc2ccc(OCCN3CCCC3)cc2)cc1
CHEMBL202673,Active,6.200,CCCC1Oc2c(ccc(O)c2C)-c2c(C)cc(O)cc21
CHEMBL438516,Active,6.570,O/N=C/c1c(Cl)cc(-c2ccc(O)c(F)c2)cc1Cl
CHEMBL5839071,Active,8.600,CC(C)CN1[C@H](c2c(F)cc(OCCN3CC(CF)C3)cc2F)c2ccc3[nH]nc(F)c3c2C[C@H]1C
CHEMBL81,Active,8.740,O=C(c1ccc(OCCN2CCCCC2)cc1)c1c(-c2ccc(O)cc2)sc2cc(O)ccc12
CHEMBL5839498,Active,9.100,C[C@@H]1Cc2c([nH]c3cc(F)ccc23)[C@@H](c2c(F)ccc(OCCNCCCF)c2F)N1CC(F)(F)CO
CHEMBL4870873,Active,6.690,Cc1ncsc1-c1ccc([C@@H](C)NC(=O)[C@@H]2C[C@@H](O)CN2C(=O)[C@H](NC(=O)COCCOCc2cn(CCOc3ccc(N(Cc4cccc(O)c4Cl)CC4(c5ccccc5F)CCCC4)cc3)nn2)C(C)(C)C)cc1
CHEMBL2403347,Active,7.130,CCC(CC)(c1cc(C)c(O)c(C)c1)c1cc(C)c(O)c(C)c1
CHEMBL2403355,Active,7.600,CCC(CC)(c1ccc(O)c(C)c1)c1ccc(O)c(C)c1
CHEMBL135597,Active,7.800,Cc1cc(O)ccc1C(C#N)Cc1ccc(O)cc1
CHEMBL4792381,Active,8.700,C[C@@H]1Cc2c([nH]c3ccccc23)[C@@H](c2cnc(N3CCC(CCN4CCOC5(CC4)CCN(c4ccc6c(c4)CN(C4CCC(=O)NC4=O)C6=O)CC5)CC3)nc2)N1CC(C)(C)F
CHEMBL4786058,Active,8.775,CC/C(=C(/c1ccc(/C=C/C(=O)O)cc1)c1cc2ccccc2[nH]1)c1ccc(Cl)cc1C#N
CHEMBL243789,Active,9.330,CS(=O)(=O)c1ccc(-c2ccc3cc(O)ccc3c2Oc2ccc(OCCN3CCCCC3)cc2)cc1
CHEMBL6134469,Active,7.460,CC/C(=C(/c1ccc(/C=C/C(=O)O)cc1)c1ccc(-c2cnn(C)c2)cc1)c1ccc(Cl)cc1
CHEMBL209851,Active,6.850,CCCCC12CCC(=O)C(Br)=C1c1ccc(O)cc1C2
CHEMBL2332590,Active,6.580,Oc1ccc(-c2cocc2-c2ccc(O)cc2Cl)c(Cl)c1
CHEMBL3581636,Active,7.000,CC/C(=C(/c1ccc(/C=C/C(=O)O)cc1)c1ccc2[nH]c(=O)sc2c1)c1ccccc1
CHEMBL4789907,Active,8.490,COc1cc(N2CCN(CC3CCN(c4ncc([C@@H]5c6[nH]c7ccccc7c6C[C@@H](C)N5CC(C)(C)F)cn4)CC3)CC2)cc2c1C(=O)N(C1CCC(=O)NC1=O)C2
CHEMBL225514,Active,6.565,CCCn1nc(-c2ccc(O)cc2O)c2ccc(O)cc21
CHEMBL4175025,Active,9.150,CC1=C(c2cccc(C#N)c2)C(c2ccc(OC[C@H](C)N3CC[C@@H](C)C3)cc2)Oc2ccc(O)cc21
CHEMBL5937863,Active,7.780,Oc1ccc2c(c1)CC[C@@H](c1ccccc1)[C@H]2c1ccc(OCCN2CC(CF)C2)cc1F
CHEMBL3885342,Active,7.810,CCC(=C(c1ccc(/C=C/C(=O)O)cc1)c1ccc(B(O)O)cc1)c1ccccc1
CHEMBL1082864,Active,8.200,COc1ccc2c(c1)O[C@@H](c1ccc(OCCN3CCCCC3)cc1)C1=C2CCOc2cc(O)ccc21
CHEMBL4101656,Active,8.770,CCCCCC(=O)/C=C/c1ccc(C(=C2C3CC4CC(C3)CC2C4)c2ccc(O)cc2)cc1
CHEMBL5181808,Active,7.430,Nc1ccc(-c2c(C(=O)c3ccc(OCCN4CC(C(=O)O)=CCC4=O)cc3)c3ccc(O)cc3[nH]c2=O)cc1
CHEMBL5938595,Active,8.940,C[C@@H]1Cc2c([nH]c3ccccc23)[C@@H](c2c(F)cc(N(C)CCNCCCF)cc2F)N1CC1(F)CC1
CHEMBL3409956,Active,7.305,C/C(=N\O)c1cc(-c2ccc(O)cc2)ccc1O
CHEMBL6051199,Active,8.550,COc1cc(F)c(OCCNCCCF)cc1[C@@H]1c2[nH]c3ccccc3c2C[C@@H](C)N1CC(F)(F)F
CHEMBL4163889,Active,7.210,COc1cc(C2Oc3c(OC)cc(/C=C/CO)cc3C2CO)ccc1O
CHEMBL183584,Active,8.520,C[C@@H]1CCN(CCOc2ccc([C@@H]3Oc4ccc(O)cc4S[C@@H]3c3ccc(O)cc3)cc2)C1
CHEMBL3764615,Active,7.430,Oc1ccc2c(-c3ccc(F)cc3)c(Oc3ccc(F)cc3)sc2c1
CHEMBL5395953,Active,6.010,O=C(COc1ccc(C2CCC(=O)NC2=O)cc1)NCCNC(=O)COc1ccc(N(CC(F)(F)F)S(=O)(=O)C2CC3OC2C(c2ccc(O)cc2)=C3c2ccc(O)cc2)cc1
CHEMBL214692,Active,7.470,CCCC[C@@]12CCC(=O)C(c3cccs3)=C1c1ccc3[nH]nnc3c1C2
CHEMBL181368,Active,9.520,C[C@@H]1c2c(ccc(O)c2F)O[C@@H](c2ccc(OCCN3CCCCCC3)cc2)[C@H]1c1ccc(O)cc1
CHEMBL5847607,Active,8.955,COc1cc(OCCNCCCF)ncc1[C@@H]1c2[nH]c3ccccc3c2C[C@@H](C)N1CC1(F)CC1
CHEMBL316292,Active,6.250,O=C(c1ccccc1)N1CCc2cc(O)ccc2C1c1ccc(OCCN2CCCC2)cc1
CHEMBL4590610,Active,6.720,CC/C(=C(/c1ccc(/C=C/C(=O)O)cc1)c1ccc(N2CCCCC2)cc1)c1ccccc1
CHEMBL58563,Active,6.800,Cc1cc(-c2cc(-c3ccccc3)cc(N(C)CCc3ccccc3)n2)ccc1O
CHEMBL372526,Active,6.960,Oc1ccc(C2=C(c3ccc(CBr)cc3)c3ccc(O)cc3C2)cc1
CHEMBL238960,Active,7.640,C[C@H](CCc1ccc(O)cc1)NC(=O)Cc1c(-c2ccccc2)[nH]c2c(OCCCCN3CCCCC3)cccc12
CHEMBL3350384,Active,7.570,CCC(=C(c1ccc(O)cc1)c1ccc(OCCN)cc1)c1ccccc1
CHEMBL4780170,Active,8.000,CC/C(=C(/c1ccc(/C=C/C(=O)O)cc1)c1cc2ccccc2[nH]1)c1cccc(C)c1
CHEMBL5859562,Active,7.770,C[C@@H](COc1ccc([C@@H]2c3ccc(O)cc3CC[C@@H]2c2ccccc2)cc1)N1CC[C@@H](CF)C1
CHEMBL5960392,Active,8.520,Oc1ccc(C2=C(c3ccc(O[C@H]4CCN(CCCF)C4)cc3)c3ccc(O)cc3CCC2)c(F)c1
CHEMBL556307,Active,6.480,CC(Cc1ccc(O)cc1)c1ccc(O)cn1
CHEMBL57875,Active,6.310,CN(CCc1ccccc1)c1cc(-c2ccccc2)cc(-c2ccc(O)cc2)n1
CHEMBL214207,Active,6.660,CN(C)CCOc1ccc(C2=C3c4ccc(O)cc4CC3(Cc3ccccc3)CCC2=O)cc1
CHEMBL6014652,Active,8.290,CCC(=O)Oc1ccc2c(Oc3ccc(/C=C/C(=O)O)cc3)c(-c3ccccc3C(C)C)sc2c1
CHEMBL4205118,Active,8.700,O=C(NCCCCOc1ccc(C(=C2C3CC4CC(C3)CC2C4)c2ccc(O)cc2)cc1)C12CC3CC(CC1C3)C2
CHEMBL4474820,Active,9.520,COc1ccc(/C(=C(\c2ccc(/C=C/C(=O)O)cc2)c2ccc3nccn3c2)C2CCC2)c(Cl)c1
CHEMBL204697,Active,7.600,CN(C)CCOc1ccc(/C(=C(/CCCC#N)c2ccccc2)c2ccc(O)cc2)cc1
CHEMBL126164,Active,7.750,Oc1ccc([C@H]2Sc3cc(O)ccc3S[C@H]2c2ccc(OCCN3CCCC3)cc2)cc1
CHEMBL5184751,Active,6.140,OCC12CC3CC(C1)C(c1ccc(O)cc1)C(C3)C2
CHEMBL5916184,Active,8.180,COC[C@](C)(F)CN1[C@H](c2ccc(NC3CN(CCCF)C3)cc2OC)c2ccc3[nH]ncc3c2C[C@H]1C
CHEMBL6151887,Active,7.620,CC/C(=C(/c1ccc(/C=C/C(=O)O)cc1)c1ccc(-c2cnn(C)c2)cc1)c1ccccc1Cl
CHEMBL5750993,Active,7.620,COc1ccc(C2=C(c3ccc(O[C@H]4CCN(CCCF)C4)cc3)c3ccc(O)cc3CCC2)c(F)c1F
CHEMBL4208076,Active,7.270,CCc1ccccc1OS(=O)(=O)C1CC2OC1C(c1ccc(/C=C/c3cc(OC)cc(OC)c3)cc1)=C2c1ccc(O)cc1
CHEMBL1088344,Active,8.380,COc1ccc2c(c1)OCCC1=C2[C@H](c2ccc(OCCN3CCCCC3)cc2)Oc2cc(O)ccc21
CHEMBL100231,Active,7.715,CC(C)c1ccc(N2CCc3cc(O)ccc3C2(C)c2ccc(OCCN3CCCCC3)cc2)cc1
CHEMBL5928467,Active,8.920,C[C@@H]1Cc2c([nH]c3ccc(F)cc23)[C@@H](c2c(F)cnc(OCCNCCCF)c2F)N1CC1(F)CC1
CHEMBL4764628,Active,6.560,Cl.OCCC/C(=C(\c1ccc(O)cc1)c1ccc(OCCN2C[C@H]3C[C@H]3[C@H]2CO)cc1)c1ccccc1
CHEMBL377694,Active,7.100,CCCC12CCC(=O)C(Br)=C1c1ccc(O)cc1C2
CHEMBL5087025,Active,7.965,C[C@@H]1Cc2c([nH]c3ccccc23)[C@@H](c2c(Cl)cc(/C=C/C(=O)O)cc2Cl)N1CC(C)(C)F
CHEMBL4750007,Active,8.100,COc1cc(OC2CN(CCCF)C2)ccc1[C@@H]1c2ccc3[nH]ncc3c2C[C@@H](C)N1CC1(F)CC1
CHEMBL1083188,Active,6.240,O=C(O)CCOc1ccc([C@@H]2Oc3cc(O)ccc3C3=C2c2ccc(O)cc2OCC3)cc1
CHEMBL1628199,Active,7.480,CCCCN(C)C(=O)CCCCCCCCCCS[C@@H]1C(=O)c2cc(O)ccc2[C@H]2CC[C@]3(C)[C@@H](O)CC[C@H]3[C@H]12
CHEMBL1087040,Active,6.820,Oc1ccc2c(c1)O[C@H](c1cccc(OCCN3CCCCC3)c1)C1=C2CCOc2cc(O)ccc21
CHEMBL4163000,Active,7.110,CCCCCCNCCOc1ccc(C(CCC)(CCC)c2ccc(O)c(C)c2)cc1C
CHEMBL5781769,Active,9.025,C[C@@H]1Cc2c([nH]c3ccccc23)[C@@H](c2ccc(OCCNCCCF)cc2F)N1CC1(F)COC1
CHEMBL471626,Active,7.980,Oc1ccc(C2=C(c3ccc(OCCN4CCCC4)cc3)c3ccc(F)cc3OCC2)cc1
CHEMBL5990094,Active,9.750,Oc1ccc2c(c1)CC[C@H](C1CCC(F)(F)CC1)[C@@H]2c1ccc(OCCN2CC(CF)C2)cc1
CHEMBL4251065,Active,7.520,CC[C@H](C)[C@H](NC(=O)[C@H](Cc1ccc(O)cc1)NC(=O)[C@@H]1C[C@H](O)CN1C(=O)[C@H](C)NC(=O)[C@H](CC(C)C)NC(=O)CCCCCNC(=O)[C@H](CCC(N)=O)NC(=O)[C@H](CC(C)C)NC(=O)[C@H](CC(C)C)NC(=O)[C@H](CCCNC(=N)N)NC(=O)[C@@H]1CNC(=O)[C@@H](NC(=O)[C@@H](N)CCCNC(=N)N)CC(=O)N[C@@H]([C@@H](C)CC)C(=O)N[C@@H](CC(C)C)C(=O)N1)C(N)=O
CHEMBL204024,Active,6.200,Cc1cc(O)cc2c1-c1ccc(O)c(C)c1OC2CC(C)C
CHEMBL3589350,Active,7.250,O=C(O)CCCCCCC(=O)Nc1cccc(OS(=O)(=O)C2CC3OC2C(c2ccc(O)cc2)=C3c2ccc(O)cc2)c1
CHEMBL4517931,Active,9.000,COc1cc(/C=C/C(=O)O)ccc1[C@@H]1c2ccc3[nH]ncc3c2C[C@@H](C)N1CC(C)(F)F
CHEMBL203340,Active,6.280,Cc1c(O)c(Cl)cc2c1c(=O)oc1c(Cl)c(O)ccc12
CHEMBL189178,Active,7.290,Oc1ccc(-c2nn3c(C(F)(F)F)cc(C(F)(F)F)nc3c2-c2ccccc2)cc1
CHEMBL187915,Active,7.330,Oc1ccc(-c2nc3cc(O)cc(Br)c3o2)c(F)c1
CHEMBL364442,Active,7.770,Oc1ccc(C2=C(c3ccc(Cl)cc3)c3ccc(O)cc3C2)cc1
CHEMBL436859,Active,7.140,C#C[C@]1(O)CC[C@H]2[C@@H]3CCC4=CC(=O)CCC4=C3[C@@H](c3ccc(N(C)C(=O)CC[C@H](NC(=O)CC[C@@H](C)[C@H]4CC[C@H]5[C@@H]6[C@H](O)C[C@@H]7C[C@H](O)CC[C@]7(C)[C@H]6C[C@H](O)[C@]45C)C(=O)O)cc3)C[C@@]21C
CHEMBL5800374,Active,6.040,O=C1COc2ccc(C3=C(c4ccc(O[C@H]5CCN(CCCF)C5)cc4)c4ccc(O)cc4CCC3)cc2N1
CHEMBL4246022,Active,7.600,CC[C@H](C)[C@@H]1NC(=O)[C@H](NC(=O)[C@@H](N)CCCCN)CSSC[C@H](C(=O)N[C@@H](CCCNC(=N)N)C(=O)N[C@@H](CC(C)C)C(=O)N[C@@H](CC(C)C)C(=O)N[C@@H](CCC(N)=O)C(N)=O)NC(=O)[C@H](CC(C)C)NC1=O
CHEMBL241304,Active,7.890,C[C@H](CCc1ccc(O)cc1)NC(=O)Cc1c(-c2ccccc2)[nH]c2cc(OCCCN3CCCCC3)ccc12
CHEMBL181404,Active,9.100,C[C@H]1CCN(CCOc2ccc([C@@H]3Oc4ccc(O)c(F)c4[C@@H](C)[C@@H]3c3ccc(O)cc3)cc2)C1
CHEMBL5766240,Active,8.850,Cc1c(OCCNCCCF)ccnc1[C@@H]1c2[nH]c3ccccc3c2C[C@@H](C)N1CC(F)(F)CO
CHEMBL5827282,Active,9.730,Oc1ccc2c(c1)CC[C@H](c1ccccc1)[C@@H]2c1ccc(OCCN2CC(C(F)F)C2)cc1
CHEMBL5760893,Active,8.400,Oc1ccc2c(c1)CCCC(c1ccc3occc3c1)=C2c1ccc(O[C@H]2CCN(CCCF)C2)cc1
CHEMBL135649,Active,7.750,CC(=O)C(Cc1ccc(O)cc1)c1ccc(O)cc1
CHEMBL2332576,Active,6.350,Cc1cc(-c2ccc(O)cc2F)sc1-c1ccc(O)cc1F
CHEMBL6056309,Active,7.070,O=C(O)/C=C/c1ccc(Oc2c(-c3ccccc3CN3CCC3)sc3cc(O)ccc23)cc1
CHEMBL5970617,Active,7.660,CC(=O)N1c2ccc(C3=C(c4ccc(O[C@H]5CCN(CCCF)C5)cc4)c4ccc(O)cc4CCC3)cc2CC1(C)C
CHEMBL6008411,Active,8.890,C[C@@H]1Cc2c(ccc3[nH]ncc23)[C@@H](c2ccc(NC3CN(CCCF)C3)nc2F)N1CC(F)(F)F
CHEMBL4237833,Active,6.660,CO[C@H]1/C=C\C=C(/C)C(=O)NC2=CC(=O)C(NCC#CCC[C@@H]3C[C@H]4[C@@H]5CCc6cc(O)ccc6[C@H]5CC[C@]4(C)[C@H]3O)=C(C[C@@H](C)C[C@H](OC)[C@H](O)[C@@H](C)/C=C(\C)[C@@H]1OC(N)=O)C2=O
CHEMBL216279,Active,6.850,CC(C)CCc1c(O)cc(O)c2c1O[C@H](c1ccc(O)cc1)CC2=O
CHEMBL5927490,Active,9.250,Cc1c([C@@H]2c3[nH]c4ccccc4c3C[C@@H](C)N2CC(F)(F)CO)ccnc1OCCNCCCF
CHEMBL5087008,Active,8.210,CCC(=C(c1ccc(O)cc1)c1ccc(/C=C/C(=O)NCCNC(=O)CCc2nc3cc(O)ccc3[nH]2)cc1)c1ccccc1
CHEMBL240227,Active,7.700,C[C@H](CCc1ccc(O)cc1)NC(=O)Cc1c(-c2ccccc2)n(Cc2ccc(OCCN3CCCCC3)cc2)c2ccccc12
CHEMBL3290286,Active,8.400,COc1ccc2c(c1)CCCC(c1ccccc1)=C2c1ccc(O)cc1
CHEMBL418327,Active,8.545,Oc1ccc(C2=C(c3ccc(OCCN4CCCCC4)cc3)Oc3ccc(O)cc3S2)cc1
CHEMBL5792644,Active,8.700,C[C@@H]1Cc2c([nH]c3ccccc23)[C@@H](c2ccnc(OCCNCCCF)c2)N1CC(F)(F)F
CHEMBL5763626,Active,8.850,C[C@@H]1Cc2c(ccc3[nH]ncc23)[C@@H](c2ccc(OCCN3CC(CF)C3)cc2)N1CC1(F)COC1
CHEMBL5741828,Active,9.030,COc1ccc(OCCNCCCF)c(F)c1[C@@H]1c2[nH]c3ccccc3c2C[C@@H](C)N1CC1(F)COC1
CHEMBL4101697,Active,8.710,CC(C)c1ccc(N2CCc3cc(O)ccc3C2(C)c2ccc(/C=C/C(=O)O)cc2)cc1
CHEMBL6144327,Active,8.590,Oc1ccc2c(c1)OC[C@H](c1ccc(OC(F)(F)F)cc1F)[C@@H]2c1ccc(OCCN2CC(CF)C2)cc1
CHEMBL5809704,Active,7.500,O=c1c2c(O)cc(O)cc2c(Br)cn1-c1ccc(O)cc1
CHEMBL342418,Active,7.800,N#CC(c1ccc(O)cc1)C(C#N)c1ccc(O)cc1
CHEMBL5089862,Active,6.450,CC/C(=C(\c1ccccc1)c1cccc(OCCCN2CCCC2)c1)c1ccccc1
CHEMBL185114,Active,8.770,Oc1ccc([C@H]2Sc3cc(O)ccc3O[C@H]2c2ccc(OCCN3CC[C@@H](O)C3)cc2)cc1
CHEMBL4744609,Active,8.240,CC/C(=C(/c1ccc(/C=C/C(=O)O)cc1)c1cc2ccccc2[nH]1)c1ccc(F)cc1Cl
CHEMBL4244282,Active,7.000,CC[C@H](C)[C@@H]1NC(=O)[C@@H](NC(=O)[C@H](CCCNC(=N)N)NC(=O)[C@H](CCCCN)NC(=O)[C@@H](N)Cc2c[nH]c3ccccc23)CS/C=C/CCC[C@@H](C(=O)N[C@@H](CC(C)C)C(=O)N[C@@H](CC(C)C)C(=O)N[C@@H](CCC(N)=O)C(=O)N[C@@H](CCC(=O)O)C(N)=O)NC(=O)[C@H](CCCNC(=N)N)NC(=O)[C@H](CC(C)C)NC1=O
CHEMBL4538724,Active,7.000,CC/C(=C(/c1ccc(/C=C/C(=O)O)cc1)c1ccc(-c2cc[nH]n2)cc1)c1ccccc1
CHEMBL4090556,Active,7.645,CCC(C)c1ccc(N2CCc3cc(O)ccc3C2(C)c2ccc(/C=C/C(=O)O)cc2)cc1
CHEMBL4555331,Active,8.090,O=C(Nc1ccc2cc[nH]c2c1)c1ccc(C(F)(F)F)cc1
CHEMBL5563219,Active,6.060,O=C(COc1cccc2c1C(=O)N(C1CCC(=O)NC1=O)C2=O)NCCCOc1ccc(N(CC(F)(F)F)S(=O)(=O)C2CC3OC2C(c2ccc(-n4ccnc4)cc2)=C3c2ccc(O)cc2)cc1
CHEMBL33808,Active,7.170,CCc1cc(O)cc2c1C(=O)[C@@H](c1ccc(O)cc1)[C@@H](c1ccc(OCCN3CCCCC3)cc1)O2
CHEMBL4563508,Active,9.000,CCN1CC[C@H](Oc2ccc(C3=C(c4ccc(O)cc4)CCc4ccc(O)cc43)cc2)C1
CHEMBL347927,Inactive,4.540,CC(C)CCc1cc(NCC(C)C)nc(NCC(C)C)n1
CHEMBL5189869,Inactive,4.530,CN1C(=O)NC(c2ccc(C(F)(F)F)cc2)C2=C1c1ccccc1C2=O
CHEMBL1464070,Inactive,4.940,CCOC(=O)N1CCN(S(=O)(=O)c2ccc(C(=O)Nc3nc4ccc(F)cc4s3)cc2)CC1
CHEMBL1556666,Inactive,4.950,CCn1c(SCC(=O)Nc2cccc(F)c2)nnc1-c1cc2cc(Br)ccc2o1
CHEMBL5875680,Inactive,4.520,C[C@]12C=CC(=O)C=C1[C@@H](F)C[C@H]1[C@@H]3C[C@H]4O[C@@H](c5ccc(Oc6ccc(N)cc6)cc5)O[C@@]4(C(=O)CO)[C@@]3(C)C[C@H](O)[C@@]12F
CHEMBL1521410,Inactive,4.880,Cc1cccc2cc(C(c3nnnn3C(C)(C)C)N(Cc3ccco3)CC3CCCO3)c(O)nc12
CHEMBL77794,Inactive,4.800,Oc1ccc(C2=Nc3ccc(O)cc3OC2)cc1
CHEMBL1370120,Inactive,4.750,O=c1oc2ccccc2n1CCn1c2ccccc2c2nc3ccccc3nc21
CHEMBL1449110,Inactive,4.720,COc1cccc(-c2nnc(NC(=O)Cc3cccs3)s2)c1
CHEMBL1329455,Inactive,4.610,CCOC(=O)[N-]c1c[n+](N2CCOCC2)no1
CHEMBL1548616,Inactive,4.580,Cc1[nH]c2ccc(-c3nnc(SCC(=O)c4ccccc4F)o3)cc2c1C
CHEMBL1446603,Inactive,4.820,COc1nnc(-c2ccc(C(=O)N3C[C@@H]4C[C@H](C3)c3cccc(=O)n3C4)cc2)c2ccccc12
CHEMBL473801,Inactive,4.580,C[C@@]1(C(=O)Nc2nccs2)CC2(C#N)c3ccccc3C1c1ccccc12
CHEMBL206426,Inactive,4.170,O=c1c2c(O)cc(O)cc2ncn1-c1ccc(O)nc1
CHEMBL1531555,Inactive,4.720,COc1ccccc1C(=O)Nc1nc(-c2cccs2)c(NC(C)=O)s1
CHEMBL1576748,Inactive,4.440,COc1ccc(NC(=O)c2ccco2)cc1N
CHEMBL66879,Inactive,4.790,O=C(O)/C=C/c1ccc(O)cc1
CHEMBL1976499,Inactive,4.860,Cc1ccc(/C=c2\sc3nc(-c4ccco4)nn3c2=O)o1
CHEMBL522471,Inactive,4.540,C=C(C)C(O)Cc1c(O)c(CC=C(C)C)c2occ(-c3ccc(O)c(O)c3)c(=O)c2c1O
CHEMBL3195623,Inactive,4.520,Oc1ccc(/C=N/c2ccc(N3CCOCC3)cc2)c(O)c1
CHEMBL1382890,Inactive,4.880,CC(C)CCNC(=O)COc1ccc2c3c(c(=O)oc2c1)CCC3
CHEMBL1555033,Inactive,4.730,COC(=O)c1ccc2c(=O)n(CCCC(=O)N3CCN(c4cccc(Cl)c4)CC3)c(=S)[nH]c2c1
CHEMBL1431650,Inactive,4.520,O=C(NCc1ccco1)c1cc2ccccc2c(=O)o1
CHEMBL2382124,Inactive,4.900,C/C(=C/C(=O)C[C@@H](C)[C@]1(C)CC[C@@]2(C)C3=CCC4C(C)(C)[C@H](O)CC[C@]4(C)[C@@H]3CC=C21)C(=O)O
CHEMBL1538325,Inactive,4.420,NC(=O)C1(N2CCCCC2)CCN(c2nc(-c3ccc(Br)cc3)cs2)CC1
CHEMBL1541779,Inactive,4.490,Cc1c(C(=O)OCC2CCCO2)[nH]c2c1C(=O)CC(c1ccco1)C2
CHEMBL125,Inactive,4.540,CCCCCCCCCCCCCCCCOP(=O)([O-])OCC[N+](C)(C)C
CHEMBL1464608,Inactive,4.890,O=C(Nc1cccnc1)c1cc(-c2ccc3c(c2)OCO3)on1
CHEMBL1320651,Inactive,4.830,COC(=O)c1ccc2c(=O)n(CCCCCC(=O)NCc3ccc4c(c3)OCO4)c(=O)[nH]c2c1
CHEMBL4218272,Inactive,4.220,CC1(C)CC(=O)C2=C(C1)OC1=C(C(=O)CC(C)(C)C1)C2c1cc2ccccc2n1Cc1ccccc1
CHEMBL1334930,Inactive,4.600,Cc1cc(NC(=O)CSc2cn(CCNC(=O)c3ccc(Cl)cc3)c3ccccc23)no1
CHEMBL577938,Inactive,4.480,N#Cc1c(-c2ccccc2)cc(-c2ccco2)c(C#N)c1N
CHEMBL1584299,Inactive,4.450,CCn1c(SCC(=O)Nc2ccc(NC(=O)c3ccco3)c(OC)c2)nc2ccccc2c1=O
CHEMBL464360,Inactive,4.970,Cc1cc(O)c2c(c1)C(=O)c1cc(O)cc(O[C@@H]3O[C@H](CO)[C@@H](O)[C@H](O)[C@H]3O)c1C2=O
CHEMBL1328182,Inactive,4.710,Cc1ccc2nc(O)c(C3C(C#N)=C(N)Oc4c3ccc3cccnc43)cc2c1
CHEMBL1548834,Inactive,4.750,O=C(COC(=O)c1ccccc1Oc1ccccc1)NCc1ccco1
CHEMBL2332587,Inactive,4.970,Oc1ccc(-c2cocc2-c2ccc(O)cc2)cc1
CHEMBL1368345,Inactive,4.780,O=C(COC(=O)CCOc1ccccc1)NCc1ccco1
CHEMBL58,Inactive,4.630,O=C1c2c(O)ccc(O)c2C(=O)c2c(NCCNCCO)ccc(NCCNCCO)c21
CHEMBL206349,Inactive,4.950,O=c1c2c(O)cc(O)cc2[nH]c(=S)n1-c1ccc(O)cc1
CHEMBL1087884,Inactive,4.540,CC(C)CNc1cc(CC(C)C)nc(NCC(C)C)n1
CHEMBL380844,Inactive,4.840,Cc1c(O)ccc2c1oc(=O)c1c(C)c(N)ccc12
CHEMBL1420411,Inactive,4.910,COc1ccc(C2CC(c3c(O)nc4ccc(Cl)cc4c3-c3ccccc3)=NN2S(C)(=O)=O)cc1OC
CHEMBL1389780,Inactive,4.740,O=S(=O)(NCc1csc(-c2cccnc2)n1)c1cccs1
CHEMBL3827286,Inactive,4.390,COc1ccc2c(c1)C(=O)c1c-2n(-c2ccc(OCCCN3CCCC3)cc2)c(=O)c2cc(OC)ccc12
CHEMBL1560367,Inactive,4.650,O=S(=O)(c1cccc(-c2cn3cccnc3n2)c1)N1CCCCCC1
CHEMBL382698,Inactive,4.360,C=C(C)c1cc(O)cc2ncn(-c3ccc(O)cc3)c(=O)c12
CHEMBL1345810,Inactive,4.660,COc1cc2cc(C(c3nnnn3C3CCCC3)N3CCc4ccccc43)c(O)nc2cc1OC
CHEMBL85826,Inactive,4.760,COc1ccc2[nH]c3c(c2c1)CCn1c-3nc2ccccc2c1=O
CHEMBL1359,Inactive,4.800,C[C@@H](O)[C@H]1C(=O)N2C(C(=O)O)=C(S[C@@H]3CN[C@H](C(=O)Nc4cccc(C(=O)O)c4)C3)[C@H](C)[C@H]12
CHEMBL490942,Inactive,4.920,CC(c1ccccc1)(c1ccc(O)cc1)c1ccc(O)cc1
CHEMBL1511524,Inactive,4.640,Cc1noc(C)c1COC(=O)c1cc2c3ccccc3n(C)c2s1
CHEMBL1472407,Inactive,4.320,Cc1nc2cccc(C(=O)NCc3ccccc3)c2o1
CHEMBL1341057,Inactive,4.780,CCCN(CCC)S(=O)(=O)c1ccc(NC(=O)Cc2cccs2)cc1
CHEMBL3578276,Inactive,4.770,C[C@H](c1ccc(F)cc1)N1C(=O)O[C@](Cc2ccccc2)(c2nc3cc(NS(C)(=O)=O)ccc3[nH]2)C1=O
CHEMBL2332572,Inactive,4.180,Oc1ccc(-c2ccsc2-c2ccc(O)cc2F)c(F)c1
CHEMBL5886097,Inactive,4.520,C[C@]12C=CC(=O)C=C1[C@@H](F)C[C@H]1[C@@H]3C[C@H]4O[C@@H](c5ccc(Cc6ccc(N)cc6)c(O)c5)O[C@@]4(C(=O)CO)[C@@]3(C)C[C@H](O)[C@@]12F
CHEMBL1491959,Inactive,4.580,CCc1ccc2nc(O)c(CN(Cc3ccc4c(c3)OCO4)C(=O)c3ccco3)cc2c1
CHEMBL1603599,Inactive,4.870,O=S(=O)(NCc1csc(-c2cccnc2)n1)c1ccc(Cl)s1
CHEMBL1410824,Inactive,4.370,CCn1c(SCC(=O)c2ccc(CNC(C)=O)o2)nnc1-c1cccs1
CHEMBL206764,Inactive,4.360,O=c1c2c(O)cc(O)cc2ncn1-c1ccc(O)c(F)c1
CHEMBL1466928,Inactive,4.470,Cc1cc(NC(=O)CSc2nc3c(c(=O)n2CCc2ccccc2)SC(C)C3)no1
CHEMBL4213826,Inactive,4.570,CC1CC(=O)C2=C(C1)OC1=C(C(=O)CC(C)(C)C1)C2c1cc2ccccc2n1Cc1ccccc1
CHEMBL1310171,Inactive,4.830,C=CCn1c(COc2cccc(C)c2)nnc1SCC(=O)NC(=O)NCc1ccco1
CHEMBL1325233,Inactive,4.750,COc1ccc2c(c1)c(=O)oc1cc(OCC(=O)NC3CCCCC3)ccc12
CHEMBL5833959,Inactive,4.520,C[C@]12C=CC(=O)C=C1[C@@H](F)C[C@H]1[C@@H]3C[C@H]4O[C@@H](c5ccc(Oc6ccc(N)cc6)c(O)c5)O[C@@]4(C(=O)CO)[C@@]3(C)C[C@H](O)[C@@]12F
CHEMBL1429596,Inactive,4.730,CCOc1ccc(NC2=NC(=O)S/C2=C\c2ccc(OC)cc2)cc1
CHEMBL1401227,Inactive,4.870,CCCc1nnc2n1N=C(c1ccc(-c3cc(Cl)ccc3Cl)o1)CS2
CHEMBL1411687,Inactive,4.810,O=C(Nc1ccc2oc(-c3ccccc3F)nc2c1)c1cncc(Br)c1
CHEMBL1542391,Inactive,4.890,Cc1ccc(F)cc1NC(=O)c1cccc2nccnc12
CHEMBL203724,Inactive,4.560,Oc1ccc(-n2cnc3cc(O)cc(O)c3c2=S)nc1
CHEMBL5280823,Inactive,4.120,O=C(C1=C(O)C(=O)N(c2ccccc2O)C1c1ccc([N+](=O)[O-])cc1)c1ccccc1
CHEMBL1326803,Inactive,4.610,C/C=C/COC(=O)c1[nH]c2c(c1C)C(=O)CC(c1ccco1)C2
CHEMBL1439181,Inactive,4.590,Cc1ccc2nc(O)c(-c3nc4ccccn4c3NCc3ccco3)cc2c1
CHEMBL1464837,Inactive,4.390,CCOC(=O)C1=C(O)/C(=C\c2ccc(CNC(=O)C(=O)Nc3ccc(C)c(C)c3)o2)N=C1C
CHEMBL1469743,Inactive,4.750,O=Cc1ccc2oc3nc4n(c(=O)c3c(=O)c2c1)CCCS4
CHEMBL2441819,Inactive,4.190,COc1cc(C(=O)CCc2cc3c(cc2OC)CC[C@@H]2[C@@H]3CC[C@]3(C)[C@@H](O)CC[C@@H]23)ccc1O
CHEMBL1996233,Inactive,4.360,O=C1CC(c2ccco2)CC(O)=C1/C=N/c1cc(Cl)ccc1O
CHEMBL1468124,Inactive,4.370,COC(=O)c1cnn2c(C(F)(F)F)cc(-c3ccco3)nc12
CHEMBL1426947,Inactive,4.920,COc1ccc(N2Cc3cccc(C(=O)O)c3C2=O)cc1
CHEMBL285802,Inactive,4.550,CN(C)CCOC1=Cc2ccccc2Sc2ccc(Cl)cc21
CHEMBL1532234,Inactive,4.330,O=C(CSc1n[nH]c(-c2ccc(S(=O)(=O)N3CCCCC3)cc2)n1)Nc1nccs1
CHEMBL381720,Inactive,4.820,Cc1c(O)cc(O)c2c(=O)n(-c3ccc(O)cc3)cnc12
CHEMBL6063763,Inactive,4.520,C[C@@]1(c2ccc(Sc3ccc(N)cc3)cc2)O[C@@H]2C[C@H]3[C@@H]4C[C@H](F)C5=CC(=O)C=C[C@]5(C)[C@@]4(F)[C@@H](O)C[C@]3(C)[C@]2(C(=O)CO)O1
CHEMBL1585431,Inactive,4.400,CS(=O)(=O)N(CC(=O)NCc1ccco1)c1ccc2c(c1)OCO2
CHEMBL1525824,Inactive,4.370,COC(=O)c1oc2ccc(Br)cc2c1NC(=O)CCCN1C(=O)c2ccccc2C1=O
CHEMBL1482201,Inactive,4.710,COC(=O)C1=C(O)/C(=C\c2ccc(CNC(=O)C(=O)Nc3ccc(C)c(C)c3)o2)N=C1C
CHEMBL3189442,Inactive,4.520,COc1ccc(-c2nnc(SC/C(O)=C(/C#N)C(C)=N)o2)cc1
CHEMBL1548361,Inactive,4.480,O=C(c1cccc(F)c1)N1CCN(C(=O)c2cc3ncc(Br)cn3n2)CC1
CHEMBL259067,Inactive,4.900,CCOC(=O)C(C)Oc1cccc2c(=O)n(CC(=O)Nc3ccc4c(c3)OCCO4)ccc12
CHEMBL1559853,Inactive,4.640,COC(=O)c1c(-c2ccncc2)csc1NC(=O)c1ccoc1C
CHEMBL1983345,Inactive,4.800,CCOC(=O)c1c(C)oc2c1c(/C=N/C1CCS(=O)(=O)C1)c(O)c1ccccc12
CHEMBL519260,Inactive,4.780,CCNC(=O)/C=C(C)/C=C/C=C(C)/C=C/c1c(C)cc(OC)c(C)c1C
CHEMBL1581991,Inactive,4.900,Cc1nn(-c2ccccc2)c2sc(C(=O)c3c(N)n(C)c(=O)n(C)c3=O)cc12
CHEMBL1500466,Inactive,4.940,CC(Oc1ccc(Cl)cc1Cl)C(=O)Nc1ccc2oc(-c3ccncc3)nc2c1
CHEMBL2382126,Inactive,4.320,C=CCc1ccc(OC)c(-c2cc(C=O)cc(O)c2O)c1
CHEMBL1559291,Inactive,4.490,CCc1nnc2sc(-c3ccc(NC(=O)c4ccc5c(c4)OCCO5)cc3)nn12
CHEMBL643,Inactive,4.530,CC(CN1c2ccccc2Sc2ccccc21)N(C)C
CHEMBL1397845,Inactive,4.930,CN1C(=O)CSc2ccc(NC(=O)N3CCC(N4CCCCC4)CC3)cc21
CHEMBL1505283,Inactive,4.720,O=S(=O)(NCCc1csc(-c2cccnc2)n1)c1ccc(Cl)s1
CHEMBL1377389,Inactive,4.330,COC(=O)c1cc2ccsc2n1CC(=O)Nc1ccc(N(C)C)cc1
CHEMBL1325931,Inactive,4.720,CC(CCC(=O)O)(c1ccc(O)cc1)c1ccc(O)cc1
CHEMBL1383151,Inactive,4.660,COc1ccc(C2C=C(c3ccc(Cl)cc3)Nc3nc(NC(C)=O)nn32)cc1
CHEMBL1533181,Inactive,4.900,COCCCn1c2nc3ccccc3nc2c2c(=O)n(-c3ccccc3OC)c(C)nc21
CHEMBL3828422,Inactive,4.410,COc1ccc2c(c1)C(=O)c1c-2n(-c2ccc(OCCCN(C)C)cc2)c(=O)c2cc(OC)ccc12
CHEMBL1489063,Inactive,4.380,COCCCNC(=O)c1ccc2c(=O)n(Cc3ccc4c(c3)OCO4)c(=S)[nH]c2c1
CHEMBL206773,Inactive,4.150,O=c1[nH]c2cc(O)cc(O)c2c(=O)n1-c1ccc(O)cc1
CHEMBL548615,Inactive,4.610,O=C(Nc1nc(-c2ccccn2)cs1)c1ccc(Br)s1
CHEMBL1531320,Inactive,4.840,O=C(NCc1ccco1)c1cc2ccc(O)cc2oc1=O
CHEMBL1359893,Inactive,4.600,COc1ccc(Cl)cc1NC(=O)c1ocnc1C
CHEMBL3827034,Inactive,4.600,COc1ccc2c(c1)C(=O)c1c-2n(-c2ccc(OCCN3CCCCC3)cc2)c(=O)c2cc(OC)ccc12
CHEMBL1447311,Inactive,4.600,CN(C)S(=O)(=O)N(CC(=O)N(Cc1ccccc1)Cc1ccccc1)c1ccccc1
CHEMBL4633486,Inactive,4.700,Oc1ccc(P(=[Se])(c2ccccc2)c2ccccc2)cc1
CHEMBL3828208,Inactive,4.970,CN1CCN(CCOc2ccc(-n3c4c(c5ccc(O)cc5c3=O)C(=O)c3cc(O)ccc3-4)cc2)CC1
CHEMBL1466882,Inactive,4.720,Cc1nnc(NC(=O)Cc2cccs2)s1
CHEMBL1427643,Inactive,4.580,COc1cc(C2C(C#N)=C(N)Oc3cc(C)oc(=O)c32)cc2c1OCO2
CHEMBL298470,Inactive,4.730,COc1cc(C)c2c(Oc3cccc(C(F)(F)F)c3)c(OC)cc(NC(C)CCCN)c2n1
CHEMBL2441817,Inactive,4.190,COc1ccc2c(c1)CC[C@@H]1[C@@H]2CC[C@]2(C)[C@@H](OC(C)=O)CC[C@@H]12
CHEMBL1999723,Inactive,4.990,O=S(=O)(/N=C(/Sc1ccccc1)c1ccccc1)c1ccccc1
CHEMBL1419810,Inactive,4.710,Cc1occc1C(=O)NCc1cccc(CNC(=O)c2ccoc2C)c1
CHEMBL370039,Inactive,4.070,O=C(Cc1cc2ccccc2o1)c1ccc(O)cc1O
CHEMBL194014,Inactive,4.960,CCCOC(=O)c1ccc(O)cc1
CHEMBL150924,Inactive,4.630,O=C(O)c1cc(-c2ccco2)nc2ccccc12
CHEMBL1337826,Inactive,4.810,CN(C)CC(=O)N1c2ccccc2CCc2ccc(NC(=O)c3ccc(N)cc3)cc21.Cl
CHEMBL1327977,Inactive,4.650,O=C(COC(=O)CC1CCCC1)Nc1cc2c(cc1Cl)C(=O)c1ccccc1C2=O
CHEMBL250104,Inactive,4.540,O=C(O)CCc1cc(Br)c(OCc2cccc(Br)c2)c(Br)c1
CHEMBL1300662,Inactive,4.350,C=CCn1c(=O)c(C#N)cc2c(=O)n3ccccc3nc21
CHEMBL512579,Inactive,4.990,Cc1c(O)c(C)c2occ(-c3ccc(O)cc3)c(=O)c2c1O
CHEMBL1471823,Inactive,4.330,CCOc1ccc(NC(=O)c2cc3cc4ccc(OC)cc4nc3o2)cc1
CHEMBL1784260,Inactive,4.100,COc1cc(O)c(/C=C\C(C)(C)O)c(O)c1C(=O)/C=C/c1ccc(O)cc1
CHEMBL1531512,Inactive,4.460,CCCCCCc1cc2cc(-c3nnc(-c4ccccc4)o3)c(=O)oc2cc1O
CHEMBL1466913,Inactive,4.480,COc1ccc(NC2=NC(=O)S/C2=C\c2ccc(N(C)C)cc2)cc1
CHEMBL3827200,Inactive,4.700,O=C1c2cc(O)ccc2-c2c1c1ccc(O)cc1c(=O)n2-c1ccc(OCCN2CCOCC2)cc1
CHEMBL158017,Inactive,4.310,c1ccc(CCc2cc(NCc3ccccc3)nc(NCc3ccccc3)n2)cc1
CHEMBL194805,Inactive,4.990,CC(C)(c1ccccc1)c1ccc(O)cc1
CHEMBL3196534,Inactive,4.570,N#C/C(=C(\O)Nc1ccc(Cl)cc1)c1nc2ccccc2[nH]1
CHEMBL408513,Inactive,4.550,O=C(/C=C/c1cccc(S(=O)(=O)Nc2ccccc2)c1)NO
CHEMBL1324684,Inactive,4.630,O=C(c1cc2sccc2n1Cc1ccccc1)N1CCc2ccccc21
CHEMBL1417293,Inactive,4.880,Cc1ccc2ccc(C3C(=O)c4ccccc4C3=O)nc2c1
CHEMBL250520,Inactive,4.200,C[C@]12CC[C@@H]3c4ccc(O)cc4CC[C@H]3[C@@H]1CC[C@@]2(O)C#CCCCCC#Cc1c(-c2ccccc2)oc2ccccc2c1=O
CHEMBL1326483,Inactive,4.520,NC(=O)c1ccccc1OCC1CC(c2ccccc2)=NO1
CHEMBL1573735,Inactive,4.710,O=C1NC(c2ccc(Br)cc2)Nc2sc3c(c21)CCC3
CHEMBL1414254,Inactive,4.960,CNc1nnc(-c2cc3cc(Cl)ccc3oc2=O)s1
CHEMBL147060,Inactive,4.220,Oc1ccc(Oc2ccc(O)cc2)cc1
CHEMBL352024,Inactive,4.650,CCCCc1cc(NCCC)nc(NCCC)n1
CHEMBL4637537,Inactive,4.390,CCOC(=O)C1=C(N)Oc2cc(O)ccc2C1c1ccc(OCc2ccccc2)cc1
CHEMBL3109156,Inactive,4.900,CCOC(=O)COc1ccc(-c2ccc(OCCN(C)C)cc2)cc1CC1CCCCC1
CHEMBL1350028,Inactive,4.710,COCCOC(=O)c1[nH]c2c(c1C)C(=O)CC(c1ccco1)C2
CHEMBL1307769,Inactive,4.740,CCN(CC)c1ccc(-c2nn3c(-c4ccccc4OC)nnc3s2)cc1
CHEMBL3827633,Inactive,4.450,COc1ccc2c(c1)C(=O)c1c-2n(-c2ccc(OCCCN3CCN(C)CC3)cc2)c(=O)c2cc(OC)ccc12
