chembl_id,receptor,pchembl_median,pchembl_upper_bound,n_exact,n_censored,label,kind,smiles
CHEMBL122524,THRbeta,4.710,,1,0,Inactive,exact,Cc1cccc(-c2nn3c(c2-c2ccc(S(C)(=O)=O)cc2)CCC3)n1
CHEMBL4778975,THRbeta,7.610,,2,0,Active,exact,COc1cc(C(=O)N2CC[C@@H](O)[C@H](C)C2)cc2nc(NCc3cccc(Cl)c3)oc12
CHEMBL561446,THRbeta,5.960,,1,0,,exact,CCCCCCS(=O)(=O)c1cc(Cl)c(C(=O)CCN(C)C)c(Cl)c1
CHEMBL254607,THRbeta,8.460,,1,0,Active,exact,O=C(O)Cc1cc(Cl)c(Oc2ccc(O)c(C(=O)NCc3ccccc3)c2)c(Cl)c1
CHEMBL3397337,THRbeta,10.150,,1,0,Active,exact,CC(C)c1cc(Cn2ccc3cc(OCC(=O)O)cc(Cl)c32)ccc1O
CHEMBL5283585,THRbeta,6.190,,1,0,Active,exact,N#Cc1nn(-c2cc(Cl)c(-n3ccc4cc(O)ccc43)c(Cl)c2)c(=O)[nH]c1=O
CHEMBL408376,THRbeta,,5.648,0,1,,censored,C#C[C@]1(O)CC[C@H]2[C@@H]3CCC4=CC(=O)CCC4=C3[C@@H](c3ccc(N(C)CCCC(=O)N(C)C4CC[C@@]5(C)[C@@H](C4)C[C@@H](O)[C@@H]4[C@@H]5C[C@H](O)[C@]5(C)[C@@H]([C@H](C)CCC(=O)O)CC[C@@H]45)cc3)C[C@@]21C
CHEMBL2348871,THRbeta,4.410,,1,0,Inactive,exact,CN(Cc1ccccc1)C(=O)CNC(=O)c1ccc(S(C)(=O)=O)c([N+](=O)[O-])c1
CHEMBL6018562,THRbeta,,5.301,0,1,,censored,CC(C)c1cc(S(=O)(=O)c2c(Cl)cc(NCc3noc(=O)[nH]3)cc2Cl)nn(C)c1=O
CHEMBL485927,THRbeta,7.050,,1,0,Active,exact,Cc1cc(Cc2c(C)cc(OCP(=O)(O)O)cc2C)ccc1O
CHEMBL561648,THRbeta,5.090,,1,0,,exact,CCCCCCNC(=O)c1ccc(C(=O)CCN(C)C)cc1
CHEMBL427568,THRbeta,5.820,,1,1,,exact,C#C[C@]1(O)CC[C@H]2[C@@H]3CCC4=CC(=O)CCC4=C3[C@@H](c3ccc(N(C)CCOC4CC[C@@]5(C)[C@@H](C4)C[C@@H](O)[C@@H]4[C@@H]5C[C@H](O)[C@]5(C)[C@@H]([C@H](C)CCC(=O)O)CC[C@@H]45)cc3)C[C@@]21C
CHEMBL124819,THRbeta,8.920,,2,0,Active,exact,O=C(c1cc(Oc2c(Cl)cc(-n3ncc(=O)[nH]c3=O)cc2Cl)ccc1O)N1CCOCC1
CHEMBL192142,THRbeta,6.110,,3,0,Active,exact,O=C(O)Cc1cc(Br)c(OCC2CCCCC2)c(Br)c1
CHEMBL5597130,THRbeta,,4.301,0,1,Inactive,censored,CC(C)c1cc(Oc2c(Cl)cc(-n3nc(C(=O)O)c(=O)[nH]c3=O)cc2Cl)n[nH]c1=O
CHEMBL550497,THRbeta,6.160,,1,0,Active,exact,CCCCCCOc1ccc(C(=O)CCN2CCOCC2)c(Cl)c1Cl
CHEMBL3126373,THRbeta,6.820,,1,0,Active,exact,Cc1c(CC(=O)O)c2ccccc2n1Cc1ccc(O)c(C(C)C)c1
CHEMBL203828,THRbeta,8.070,,1,0,Active,exact,CC(C)c1cc(Oc2c(Br)cc3c(c2Br)CC(C(=O)O)C3)ccc1O
CHEMBL4786634,THRbeta,8.400,,1,0,Active,exact,COc1cc(C(=O)N2C[C@H](C)OC[C@@H]2CCO)cc2nc(N[C@H](C)c3cccc(Cl)c3)oc12
CHEMBL396437,THRbeta,,4.000,0,1,Inactive,censored,CCCCCCCc1ccc(C(=O)C=C(C)C)cc1
CHEMBL2348887,THRbeta,4.300,,1,0,Inactive,exact,CCCN(C(=O)CCNC(=O)c1ccc(S(C)(=O)=O)c([N+](=O)[O-])c1)c1ccccc1
CHEMBL560911,THRbeta,5.570,,1,0,,exact,CCCCCCOc1ccc(C(=O)CCN(CCCC)CCCC)cc1
CHEMBL5981888,THRbeta,6.780,,1,0,Active,exact,CC(C)c1cc(Oc2c(Cl)cc(NC(=O)c3noc(=O)[nH]3)c(F)c2Cl)n[nH]c1=O
CHEMBL561650,THRbeta,5.300,,1,0,,exact,CCCCCCOc1ccc(C(=O)CCN2CC2C)c(Cl)c1Cl
CHEMBL192490,THRbeta,5.720,,3,0,,exact,CCCCOc1c(Br)cc(CC(=O)O)cc1Br
CHEMBL237958,THRbeta,7.875,,2,0,Active,exact,COc1ccc(CCNC(=O)c2cc(Oc3c(Br)cc(CC(=O)O)cc3Br)ccc2O)cc1
CHEMBL608990,THRbeta,9.300,,1,0,Active,exact,Cc1cc(NC(=O)C(=O)O)cc(C)c1Oc1ccc(O)c2c1CCC2
CHEMBL2348906,THRbeta,,4.222,0,1,Inactive,censored,CS(=O)(=O)c1ccc(C(=O)NCCCC(=O)N2CCc3ccccc3C2)cc1[N+](=O)[O-]
CHEMBL5748799,THRbeta,7.240,,1,0,Active,exact,CC(C)c1cc(Oc2c(Cl)cc(OCc3noc(=O)[nH]3)cc2Cl)nn(C)c1=O
CHEMBL572348,THRbeta,5.370,,1,0,,exact,CCCCCCOc1ccc(C(=O)CCN(C)C)cc1Cl
CHEMBL5568622,THRbeta,,5.000,0,1,,censored,C[C@](O)(CN1CC2CC(C1)N2c1ccc(C#N)cc1)C(=O)Nc1cnc(C#N)c(C(F)(F)F)c1
CHEMBL4761070,THRbeta,6.330,,1,0,Active,exact,COc1cc(C(=O)NCc2cccc(Cl)c2)cc2nn(CCn3cccn3)cc12
CHEMBL250101,THRbeta,6.800,,1,0,Active,exact,O=C(O)CCc1cc(Br)c(OCc2cccc(C(F)(F)F)c2)c(Br)c1
CHEMBL2349032,THRbeta,,4.222,0,1,Inactive,censored,Cc1ccc(N2CCN(C(=O)CN(C)C(=O)c3ccc(S(C)(=O)=O)c([N+](=O)[O-])c3)CC2)cc1
CHEMBL413699,THRbeta,9.930,,2,0,Active,exact,O=C(NC1CCCCC1)c1cc(Oc2c(Cl)cc(-n3ncc(=O)[nH]c3=O)cc2Cl)ccc1O
CHEMBL428375,THRbeta,4.900,,1,0,Inactive,exact,CCCCCCc1ccc(C(=O)CCN(C2CCCCC2)C2CCCCC2)cc1
CHEMBL340158,THRbeta,9.115,,2,0,Active,exact,O=c1cnn(-c2cc(Cl)c(Oc3ccc(O)c(S(=O)(=O)NC4CCCCC4)c3)c(Cl)c2)c(=O)[nH]1
CHEMBL46882,THRbeta,9.330,,1,0,Active,exact,Cc1cc(NC(=O)C(=O)O)cc(C)c1Oc1ccc(O)c(C(C)C)c1
CHEMBL5281233,THRbeta,,4.000,0,1,Inactive,censored,N#Cc1nn(-c2cc(Cl)c(-n3ccc4ccc(O)cc43)c(Cl)c2)c(=O)[nH]c1=O
CHEMBL551450,THRbeta,5.250,,1,0,,exact,CCCCCCOc1ccc(C(=O)CCN2CCN(C)CC2)cc1
CHEMBL2349038,THRbeta,,4.222,0,1,Inactive,censored,CN(CC(=O)N1CCc2ccccc21)C(=O)c1ccc(S(C)(=O)=O)c([N+](=O)[O-])c1
CHEMBL2035876,THRbeta,8.810,,1,0,Active,exact,CC(C)c1cc(Oc2c(Cl)cc(NC(=O)CC(=O)O)c(Cl)c2Cl)ccc1O
CHEMBL594025,THRbeta,9.400,,1,0,Active,exact,Cc1cc(-n2ncc(=O)[nH]c2=O)cc(C)c1Oc1ccc(O)c(Cc2ccc(F)cc2)c1
CHEMBL2096708,THRbeta,,5.648,0,1,,censored,C#C[C@]1(O)CC[C@H]2[C@@H]3CCC4=CC(=O)CCC4=C3[C@@H](c3ccc(N(C)CCOCCO[C@H]4CC[C@@]5(C)[C@@H](C4)C[C@@H](O)[C@@H]4[C@@H]5C[C@H](O)[C@]5(C)[C@@H]([C@H](C)CCC(=O)O)CC[C@@H]45)cc3)C[C@@]21C
CHEMBL4758628,THRbeta,7.540,,1,0,Active,exact,COc1cc(C(=O)N2CC(C)OCC2CCO)cc2nc(NCc3cc(Cl)ccn3)oc12
CHEMBL3261318,THRbeta,5.110,,1,0,,exact,Cc1cc(CC(=O)O)cc(C)c1Oc1cc(C(C)C)c(=O)[nH]n1
CHEMBL249445,THRbeta,8.380,,1,0,Active,exact,O=C(O)Cc1cc(Br)c(Oc2ccc(O)c(C(=O)NCc3ccccc3)c2)c(Br)c1
CHEMBL486359,THRbeta,8.600,,1,0,Active,exact,CC(C)c1cc(Oc2c(Br)cc(CCP(=O)(O)O)cc2Br)ccc1O
CHEMBL236543,THRbeta,4.720,,1,0,Inactive,exact,CCCCCCc1ccc(C(=O)C2CO2)cc1
CHEMBL5590707,THRbeta,,4.301,0,1,Inactive,censored,CC(C)c1cc(Oc2c(Cl)cc(-n3nc(CN)c(=O)[nH]c3=O)cc2Cl)n[nH]c1=O
CHEMBL394679,THRbeta,4.210,,1,0,Inactive,exact,C=CC(=O)Oc1ccc(CCC)cc1
CHEMBL559717,THRbeta,5.920,,1,0,,exact,CCCCCCSc1cc(Cl)c(C(=O)CCN(C)C)cc1Cl
CHEMBL263942,THRbeta,,5.648,0,1,,censored,C#C[C@]1(O)CC[C@H]2[C@@H]3CCC4=CC(=O)CCC4=C3[C@@H](c3ccc(N(C)C(=O)CNC(=O)O[C@@H]4C[C@@H]5CC(O)CC[C@]5(C)[C@H]5C[C@H](O)[C@]6(C)[C@@H]([C@H](C)CCC(=O)O)CC[C@H]6[C@H]45)cc3)C[C@@]21C
CHEMBL2348889,THRbeta,,4.222,0,1,Inactive,censored,CN(Cc1ccccc1F)C(=O)CCNC(=O)c1ccc(S(C)(=O)=O)c([N+](=O)[O-])c1
CHEMBL4748308,THRbeta,7.265,,2,0,Active,exact,COc1cc(C(=O)N2CC(C)C(O)CC2C)cc2nc(NCc3cccc(Cl)c3)oc12
CHEMBL384975,THRbeta,,5.648,0,1,,censored,C#C[C@]1(O)CC[C@H]2[C@@H]3CCC4=CC(=O)CCC4=C3[C@@H](c3ccc(N(C)CCNC(=O)N(C)C4CC[C@@]5(C)[C@@H](C4)C[C@@H](O)[C@@H]4[C@@H]5C[C@H](O)[C@]5(C)[C@@H]([C@H](C)CCC(=O)O)CC[C@@H]45)cc3)C[C@@]21C
CHEMBL4792525,THRbeta,7.060,,1,0,Active,exact,CCC(O)c1cc(Oc2c(Cl)cc(NC(=O)c3noc(=O)[nH]3)cc2Cl)n[nH]c1=O
CHEMBL250308,THRbeta,7.640,,1,0,Active,exact,CCNc1cccc(COc2c(Br)cc(CCC(=O)O)cc2Br)c1
CHEMBL559522,THRbeta,5.890,,1,0,,exact,CCCCCCSc1ccc(C(=O)CCN2CCOCC2)c(Cl)c1Cl
CHEMBL2348892,THRbeta,,4.222,0,1,Inactive,censored,CS(=O)(=O)c1ccc(C(=O)NCCC(=O)N2CCC(c3ccccc3)CC2)cc1[N+](=O)[O-]
CHEMBL402713,THRbeta,6.640,,1,0,Active,exact,O=C(O)CCc1cc(Br)c(OCc2ccccc2)c(Br)c1
CHEMBL425557,THRbeta,6.220,,2,1,Active,exact,CCCCc1oc2ccccc2c1C(=O)c1cc(I)c(CCN(CC)CC)c(I)c1
CHEMBL5207967,THRbeta,7.320,,1,0,Active,exact,O=C(O)CNC(=O)c1nc(OC2CCC2)c2cc(Oc3ccccc3)ccc2c1O
CHEMBL3261325,THRbeta,6.920,,1,0,Active,exact,CC(C)c1cc(Oc2c(Cl)cc(NC(=O)C(=O)O)cc2Cl)n[nH]c1=O
CHEMBL236291,THRbeta,9.220,,1,0,Active,exact,CC(C)c1cc(Oc2c(Br)cc(CC(=O)N[C@@H](C(=O)O)c3ccccc3)cc2Br)ccc1O
CHEMBL563816,THRbeta,6.100,,1,0,Active,exact,CCCCCCS(=O)(=O)c1cc(Cl)c(C(=O)CCN2CCOCC2)c(Cl)c1
CHEMBL5209093,THRbeta,8.470,,1,0,Active,exact,O=C(O)CNC(=O)c1nc(Br)c2cc(Oc3ccccc3)ccc2c1O
CHEMBL97187,THRbeta,5.380,,1,0,,exact,COc1ccc(C(c2ccc(O)c(C(C)C)c2)c2c(C)cc(OCC(=O)O)cc2C)c(OC)c1
CHEMBL6048891,THRbeta,6.640,,1,0,Active,exact,O=C(Nc1cc(Cl)c(Oc2cc(C3CC3)c(=O)[nH]n2)c(Cl)c1)c1noc(=O)[nH]1
CHEMBL2035881,THRbeta,8.590,,1,0,Active,exact,Cc1cc(NC(=O)C(=O)O)c2c(c1Oc1ccc(O)c(C(C)C)c1)CCC2
CHEMBL550767,THRbeta,6.220,,1,0,Active,exact,CCCCCCS(=O)(=O)c1ccc(C(=O)CCN2CCOCC2)c(Cl)c1
CHEMBL4763095,THRbeta,5.410,,1,0,,exact,COc1cc(C(=O)N2CCC(O)C(C)C2)cc2oc(NCc3cccc(Cl)c3)nc12
CHEMBL5596268,THRbeta,,4.301,0,1,Inactive,censored,CC(C)c1cc(Oc2c(Cl)cc(-n3nc(CN(C)C)c(=O)[nH]c3=O)cc2Cl)n[nH]c1=O
CHEMBL559854,THRbeta,4.720,,1,0,Inactive,exact,CCCCCCOc1cc(C)c(C(=O)CCN2CCNC(=O)C2)c(C)c1
CHEMBL486358,THRbeta,7.280,,1,0,Active,exact,CC(C)c1cc(Oc2c(Cl)cc(CP(=O)(O)O)cc2Cl)ccc1O
CHEMBL2348900,THRbeta,,4.222,0,1,Inactive,censored,CC1CCN(C(=O)CCNC(=O)c2ccc(S(C)(=O)=O)c([N+](=O)[O-])c2)CC1
CHEMBL414318,THRbeta,,5.648,0,1,,censored,C#C[C@]1(O)CC[C@H]2[C@@H]3CCC4=CC(=O)CCC4=C3[C@@H](c3ccc(N(C)CCOC4CC[C@@]5(C)[C@@H](C4)C[C@@H](O)[C@@H]4[C@@H]5C[C@H](O)[C@]5(C)[C@@H]([C@H](C)CCC(=O)NCC(=O)O)CC[C@@H]45)cc3)C[C@@]21C
CHEMBL5180738,THRbeta,7.890,,1,0,Active,exact,CCOc1nc(C(=O)NCC(=O)O)c(O)c2ccc(Oc3ccc(Cc4ccccc4)cc3)cc12
CHEMBL561170,THRbeta,5.620,,1,0,,exact,CCCCCCSc1cc(Cl)c(C(=O)CCN2CC2C)c(Cl)c1
CHEMBL569845,THRbeta,6.100,,1,0,Active,exact,CCCCCCSc1ccc(C(=O)CCN2CCNC(=O)C2)c(Cl)c1Cl
CHEMBL2312263,THRbeta,7.400,,1,0,Active,exact,Cc1cc(NC(=O)CC(=O)O)c2c(c1Oc1ccc(O)c(CCc3ccccc3)c1)CCC2
CHEMBL559520,THRbeta,5.280,,1,0,,exact,CCCCCCOc1ccc(C(=O)CCN(C)C)c(C)c1
CHEMBL2349047,THRbeta,,4.222,0,1,Inactive,censored,CS(=O)(=O)c1ccc(C(=O)N2CCC(C(=O)N(Cc3ccccc3)Cc3ccccc3)CC2)cc1[N+](=O)[O-]
CHEMBL553652,THRbeta,4.720,,1,0,Inactive,exact,CCCCCCOc1ccc(C(=O)CCN2CCCC2)cc1
CHEMBL2312268,THRbeta,7.920,,1,0,Active,exact,Cc1cc(NC(=O)CC(=O)O)c2c(c1Oc1ccc(O)c(CCc3ccc(F)cc3F)c1)CCC2
CHEMBL2348917,THRbeta,,4.222,0,1,Inactive,censored,CS(=O)(=O)c1ccc(C(=O)NCCCC(=O)N2CCN(c3ccc(F)cc3)CC2)cc1[N+](=O)[O-]
CHEMBL2349048,THRbeta,,4.222,0,1,Inactive,censored,CS(=O)(=O)c1ccc(C(=O)N2CCC(C(=O)N3CCC(c4ccccc4)CC3)CC2)cc1[N+](=O)[O-]
CHEMBL549562,THRbeta,5.540,,1,0,,exact,CCCCCCS(=O)(=O)c1ccc(C(=O)CCN(C)C)c(Cl)c1Cl
CHEMBL2348912,THRbeta,4.230,,1,0,Inactive,exact,CS(=O)(=O)c1ccc(C(=O)NCCCC(=O)N(Cc2ccccc2)Cc2ccccc2)cc1[N+](=O)[O-]
CHEMBL560172,THRbeta,4.780,,1,0,Inactive,exact,CCCCCCOc1ccc(C(=O)CCN(C)C)cc1
CHEMBL2348875,THRbeta,,4.222,0,1,Inactive,censored,CS(=O)(=O)c1ccc(C(=O)NCC(=O)N2CCC(c3ccccc3)CC2)cc1[N+](=O)[O-]
CHEMBL3261330,THRbeta,5.160,,1,0,,exact,CC(C)c1cc(S(=O)(=O)c2c(Cl)cc(CC(=O)O)cc2Cl)n[nH]c1=O
CHEMBL6003278,THRbeta,6.750,,1,0,Active,exact,O=C(Nc1cc(Cl)c(Cc2cc(C3CC3)c(=O)[nH]n2)c(Cl)c1)c1noc(=O)[nH]1
CHEMBL2312278,THRbeta,7.400,,1,0,Active,exact,Cc1cc(NC(=O)CC(=O)O)c2c(c1Oc1ccc(O)c(CC(C)C)c1)CCC2
CHEMBL2348894,THRbeta,,4.222,0,1,Inactive,censored,CS(=O)(=O)c1ccc(C(=O)NCCC(=O)N2CCN(c3ccccc3)CC2)cc1[N+](=O)[O-]
CHEMBL4751951,THRbeta,6.650,,1,0,Active,exact,O=C(NCc1cccc(Cl)c1)c1cc(Cl)c2cn(CCn3cccn3)nc2c1
CHEMBL192508,THRbeta,5.740,,3,0,,exact,CC(C)CCOc1c(Br)cc(CC(=O)O)cc1Br
CHEMBL512383,THRbeta,9.080,,1,0,Active,exact,CC(C)c1cc(Oc2c(I)cc(CP(=O)(O)O)cc2I)ccc1O
CHEMBL378593,THRbeta,7.290,,2,0,Active,exact,CC(C)c1cc(Oc2c(Br)cc3nc(C(=O)O)cc(O)c3c2Br)ccc1O
CHEMBL5281151,THRbeta,7.520,,1,0,Active,exact,N#Cc1nn(-c2cc(Cl)c(-n3ccc4c3ccc(=O)n4C3CC3)c(Cl)c2)c(=O)[nH]c1=O
CHEMBL5267263,THRbeta,,5.301,0,1,,censored,Cc1cc(OC(F)F)ccc1NC(=O)c1cc(C(=O)NCc2ccc(F)cc2)c(F)cc1Cl
CHEMBL394678,THRbeta,4.160,,1,0,Inactive,exact,C=CC(=O)[C@H]1CC[C@H](CC(C)(C)C)CC1
CHEMBL2312262,THRbeta,7.850,,1,0,Active,exact,Cc1cc(NC(=O)CC(=O)O)c2c(c1Oc1ccc(O)c(Cc3ccc(=O)[nH]n3)c1)CCC2
CHEMBL4748636,THRbeta,6.020,,1,0,Active,exact,CCCc1cc(C(=O)N(CCC)CC2CCOC2)cc2nc(NCc3cccc(Cl)c3)oc12
CHEMBL238178,THRbeta,8.190,,2,0,Active,exact,COc1cccc(CCNC(=O)c2cc(Oc3c(Br)cc(CC(=O)O)cc3Br)ccc2O)c1
CHEMBL2312276,THRbeta,5.780,,1,0,,exact,Cc1cc(NC(=O)CC(=O)O)c2c(c1Oc1ccc(O)cc1)CCC2
CHEMBL4756958,THRbeta,6.720,,1,0,Active,exact,COc1cc(C(=O)N2CCC(O)C(C)C2)cc2nc(NCc3cc(Cl)ccn3)oc12
CHEMBL2348922,THRbeta,,4.222,0,1,Inactive,censored,CS(=O)(=O)c1ccc(C(=O)NCCCC(=O)N2Cc3ccccc3C2)cc1[N+](=O)[O-]
CHEMBL550760,THRbeta,5.400,,1,0,,exact,CCCCCCSc1cc(C)c(C(=O)CCN2CCN(S(=O)(=O)CC)CC2)c(C)c1
CHEMBL4761266,THRbeta,7.280,,1,0,Active,exact,COc1cc(C(=O)N2CC(C)OCC2CCO)cn2nc(NCc3cccc(Cl)c3)nc12
CHEMBL540227,THRbeta,,4.301,0,1,Inactive,censored,CCCCCCOc1ccc(C(=O)CCNc2cccc(Cl)c2)cc1
CHEMBL202521,THRbeta,6.850,,3,0,Active,exact,CCC(=O)Nc1ccc(Oc2c(Cl)cc(CC(=O)O)cc2Cl)cc1Br
CHEMBL549561,THRbeta,5.820,,1,0,,exact,CCCCCCS(=O)(=O)c1cc(C)c(C(=O)CCN2CCN(S(=O)(=O)CC)CC2)c(C)c1
CHEMBL4762088,THRbeta,5.290,,1,0,,exact,COc1cc(C(=O)N2CCC(O)C(C)C2)cc2nc(N[C@@H](C)c3cccc(Cl)c3)oc12
CHEMBL2348868,THRbeta,5.240,,1,0,,exact,CN(C(=O)CNC(=O)c1ccc(S(C)(=O)=O)c([N+](=O)[O-])c1)c1ccccc1
CHEMBL561574,THRbeta,6.400,,1,0,Active,exact,CCCCCCS(=O)(=O)c1ccc(C(=O)CCN2CCN(S(=O)(=O)CC)CC2)c(Cl)c1
CHEMBL562507,THRbeta,5.270,,1,0,,exact,CCCCCCSc1ccc(C(=O)CCN2CC2C)c(Cl)c1
CHEMBL127338,THRbeta,7.890,,1,0,Active,exact,Cc1cc(-n2ncc(=O)[nH]c2=O)cc(Cl)c1Oc1ccc(O)c(S(=O)(=O)N2CCN(C)CC2)c1
CHEMBL160703,THRbeta,5.400,,1,0,,exact,CCCCc1oc2ccccc2c1C(=O)c1cc(I)c(OCC(=O)O)c(I)c1
CHEMBL5793524,THRbeta,5.580,,1,0,,exact,C[C@@H](O)c1cc(Oc2c(Cl)cc(NC(=O)c3noc(=O)[nH]3)cc2Cl)n[nH]c1=O
CHEMBL124145,THRbeta,7.345,,2,0,Active,exact,Cc1cc(-n2ncc(=O)[nH]c2=O)cc(Cl)c1Oc1ccc(O)c(S(=O)(=O)N2CCOCC2)c1
CHEMBL124318,THRbeta,8.970,,2,0,Active,exact,O=C(NC1CCC1)c1cc(Oc2c(Cl)cc(-n3ncc(=O)[nH]c3=O)cc2Cl)ccc1O
CHEMBL3397335,THRbeta,9.420,,1,0,Active,exact,Cc1cn(Cc2ccc(O)c(C(C)C)c2)c2ccc(OCC(=O)O)cc12
CHEMBL550765,THRbeta,,4.301,0,1,Inactive,censored,CCCCCCOc1ccc(C(=O)C(CN(C)C)C(C)C)cc1
CHEMBL5598441,THRbeta,5.570,,1,0,,exact,CC(C)c1cc(Oc2c(Cl)cc(-n3nc(CO)c(=O)[nH]c3=O)cc2Cl)n[nH]c1=O
CHEMBL5178553,THRbeta,7.700,,1,0,Active,exact,COc1nc(C(=O)NCC(=O)O)c(O)c2ccc(Oc3c(C)cc(C(=O)c4ccccc4)cc3C)cc12
CHEMBL549482,THRbeta,5.300,,1,0,,exact,CCCCCCOc1c(C)cc(C(=O)CCN(C)C)cc1C
CHEMBL2348902,THRbeta,,4.222,0,1,Inactive,censored,CS(=O)(=O)c1ccc(C(=O)NCCC(=O)N2Cc3ccccc3C2)cc1[N+](=O)[O-]
CHEMBL110158,THRbeta,7.050,,1,0,Active,exact,Cc1cc(OCC(=O)O)cc(C)c1Cc1cc(C#Cc2ccc(N)cc2)c(O)c(C(C)C)c1
CHEMBL4754786,THRbeta,9.300,,1,0,Active,exact,COc1cc(C(=O)N2CC(C)(CCO)OC[C@H]2C)cc2nc(N[C@H](C)c3cccc(Cl)c3)oc12
CHEMBL4758225,THRbeta,8.220,,1,0,Active,exact,COc1cc(C(=O)N2C[C@@H](C)OC[C@H]2CCO)cc2nc(N[C@H](C)c3cccc(Cl)c3)oc12
CHEMBL217221,THRbeta,7.660,,1,0,Active,exact,CC(C)c1cc(Oc2c(Br)cc(CCC(=O)O)cc2Br)cc(/C=C/c2ccncc2)c1O
CHEMBL5206520,THRbeta,6.650,,1,0,Active,exact,COCCOc1nc(C(=O)NCC(=O)O)c(O)c2ccc(Oc3ccccc3)cc12
CHEMBL4790442,THRbeta,6.540,,1,0,Active,exact,CC(C)(C)c1cc(Oc2c(Cl)cc(NC(=O)c3noc(=O)[nH]3)cc2Cl)n[nH]c1=O
CHEMBL340490,THRbeta,8.720,,1,0,Active,exact,Cc1cc(-n2ncc(=O)[nH]c2=O)cc(Cl)c1Oc1ccc(O)c(C(=O)N2CCCCC2)c1
CHEMBL5179829,THRbeta,8.100,,1,0,Active,exact,COc1nc(C(=O)NCC(=O)O)c(O)c2ccc(Oc3ccc(C(=O)c4ccccc4)cc3)cc12
CHEMBL2035878,THRbeta,8.110,,1,0,Active,exact,Cc1cc(NC(=O)CC(=O)O)c2c(c1Oc1ccc(O)c(C(C)C)c1)CCC2
CHEMBL251439,THRbeta,6.620,,2,0,Active,exact,Cc1cc2[nH]c(C(=O)O)cc(=O)c2c(C)c1Oc1ccc(O)c(C(C)C)c1
CHEMBL551965,THRbeta,6.220,,1,0,Active,exact,CCCCCCOc1cc(Cl)c(C(=O)CCN2CCN(C(C)=O)CC2)c(Cl)c1
CHEMBL2349046,THRbeta,,4.222,0,1,Inactive,censored,CN(Cc1cccc(F)c1)C(=O)C1CCN(C(=O)c2ccc(S(C)(=O)=O)c([N+](=O)[O-])c2)CC1
CHEMBL3397340,THRbeta,9.740,,1,0,Active,exact,Cc1cn(Cc2ccc(O)c(C(C)C)c2)c2c(C)cc(OCC(=O)O)cc12
CHEMBL5186156,THRbeta,8.170,,1,0,Active,exact,CCOc1nc(C(=O)NCC(=O)O)c(O)c2ccc(Oc3ccc(-c4ccccc4)cc3)cc12
CHEMBL56801,THRbeta,8.700,,1,0,Active,exact,CSc1ccc(Oc2c(C)cc(-n3ncc(=O)[nH]c3=O)cc2C)cc1C
CHEMBL551244,THRbeta,,4.301,0,1,Inactive,censored,CCN1CCC(Cc2ccc(C(=O)CCN(C)C)cc2)CC1
CHEMBL550094,THRbeta,5.800,,1,0,,exact,CCCCCCOc1ccc2c(c1)OCC(CN(C)C)C2=O
CHEMBL563154,THRbeta,6.000,,1,0,Active,exact,CCCCCCSc1cc(Cl)c(C(=O)CCN2CCOCC2)cc1Cl
CHEMBL565150,THRbeta,5.680,,1,0,,exact,CCCCCCOc1ccc(C(=O)CCN(C)C)c(I)c1
CHEMBL5774058,THRbeta,6.090,,1,0,Active,exact,Cc1cc(NC(=O)c2noc(=O)[nH]2)cc(C)c1Oc1cc(C(C)C)c(=O)[nH]n1
CHEMBL2326408,THRbeta,4.890,,1,0,Inactive,exact,COc1cc(O)c(C(CC(=O)N2C[C@H](C)C[C@H](C)C2)c2ccc3c(c2)OCO3)c(OC)c1
CHEMBL5173831,THRbeta,7.160,,1,0,Active,exact,COc1nc(C(=O)NCC(=O)O)c(O)c2ccc(Oc3c(C)cc(C(=O)c4cccc(C)c4)cc3C)cc12
CHEMBL236289,THRbeta,9.570,,1,0,Active,exact,CC(C)c1cc(Oc2c(Br)cc(CC(=O)N[C@H](C(=O)O)C(C)C)cc2Br)ccc1O
CHEMBL5290804,THRbeta,,4.481,0,1,Inactive,censored,COc1ccc2c(ccn2-c2c(Cl)cc(-n3nc(C#N)c(=O)[nH]c3=O)cc2Cl)c1
CHEMBL5281631,THRbeta,7.700,,1,0,Active,exact,N#Cc1nn(-c2cc(Cl)c(-n3ccc4c3ccc(=O)n4C3CCC3)c(Cl)c2)c(=O)[nH]c1=O
CHEMBL428729,THRbeta,6.910,,2,0,Active,exact,O=C(O)Cc1cc(Cl)c(Oc2ccc(O)c(-c3ccncc3)c2)c(Cl)c1
CHEMBL3397333,THRbeta,8.980,,1,0,Active,exact,CC(C)c1cc(Cn2ccc3cc(OCC(=O)O)ccc32)ccc1O
CHEMBL237241,THRbeta,4.940,,1,0,Inactive,exact,C=CC(=O)c1ccc(CCCCCCCC)cc1
CHEMBL2348885,THRbeta,,4.222,0,1,Inactive,censored,CS(=O)(=O)c1ccc(C(=O)NCCC(=O)N2CCc3ccccc3C2)cc1[N+](=O)[O-]
CHEMBL4746517,THRbeta,7.150,,1,0,Active,exact,CCCN(CC1CCOC1)C(=O)c1cc(Cl)c2oc(NCc3cccc(Cl)c3)nc2c1
CHEMBL235165,THRbeta,8.220,,2,0,Active,exact,O=C(O)Cc1cc(Br)c(Oc2ccc(O)c(Oc3ccccc3)c2)c(Br)c1
CHEMBL396304,THRbeta,8.110,,1,0,Active,exact,O=C(O)Cc1cc(Cl)c(Oc2ccc(O)c(C3CCCCC3)c2)c(Cl)c1
CHEMBL237821,THRbeta,,4.000,0,1,Inactive,censored,CCCCCCc1ccc(C(=O)CC)cc1
CHEMBL236499,THRbeta,7.920,,1,0,Active,exact,CC(C)c1cc(Oc2c(Br)cc(CC(=O)N[C@H](C(=O)O)C(C)C)cc2Br)cc(F)c1O
CHEMBL333650,THRbeta,9.115,,2,0,Active,exact,Cc1cc(-n2ncc(=O)[nH]c2=O)cc(C)c1Oc1ccc(O)c(S(=O)(=O)N2CCCCC2)c1
CHEMBL235173,THRbeta,9.960,,1,0,Active,exact,CC(C)c1cc(Oc2c(I)cc(CC(N)C(=O)O)cc2I)ccc1O
CHEMBL402714,THRbeta,6.700,,1,0,Active,exact,Cc1ccccc1COc1c(Br)cc(CCC(=O)O)cc1Br
CHEMBL125381,THRbeta,10.520,,1,0,Active,exact,Cc1cc(-n2ncc(=O)[nH]c2=O)cc(C)c1Oc1ccc(O)c(C(C)C)c1
CHEMBL4792416,THRbeta,6.340,,1,0,Active,exact,Cc1cc(OCC(=O)O)cc(C)c1Cc1ccc(N)c(C(C)C)c1
CHEMBL235385,THRbeta,7.330,,2,0,Active,exact,O=C(O)Cc1cc(Br)c(Oc2ccc(O)c(Oc3cccc(O)c3)c2)c(Br)c1
CHEMBL550845,THRbeta,6.220,,1,0,Active,exact,CCCCCCOc1cc(Cl)c(C(=O)CCN(C)C)cc1Cl
CHEMBL552185,THRbeta,5.400,,1,0,,exact,CCCCCCOc1ccc(C(=O)CCN(C)C)c2ccccc12
CHEMBL398106,THRbeta,4.690,,1,0,Inactive,exact,C=CC(=O)Nc1ccc(CCCCCC)cc1
CHEMBL2348893,THRbeta,,4.222,0,1,Inactive,censored,CC(C)N(C(=O)CCNC(=O)c1ccc(S(C)(=O)=O)c([N+](=O)[O-])c1)C(C)C
CHEMBL2348898,THRbeta,,4.222,0,1,Inactive,censored,CS(=O)(=O)c1ccc(C(=O)NCCC(=O)N2CCN(c3ccc(C(F)(F)F)cc3)CC2)cc1[N+](=O)[O-]
CHEMBL549889,THRbeta,6.160,,1,0,Active,exact,CCCCCCS(=O)(=O)c1cc(Cl)c(C(=O)CCN2CCN(C(C)=O)CC2)c(Cl)c1
CHEMBL391367,THRbeta,8.890,,1,0,Active,exact,CC(C)c1cc(Oc2c(Br)cc(CC(=O)N[C@@H](C)C(=O)O)cc2Br)ccc1O
CHEMBL2312273,THRbeta,7.270,,1,0,Active,exact,Cc1cc(NC(=O)CC(=O)O)c2c(c1Oc1ccc(O)c(CCc3ccccc3O)c1)CCC2
CHEMBL4741434,THRbeta,5.140,,1,0,,exact,COc1cc(C(=O)N2CCC(O)C(C)C2)cc2nc(NCc3cncc(Cl)c3)oc12
CHEMBL552742,THRbeta,,4.301,0,1,Inactive,censored,CCCCCCOc1ccc(C(=O)CCN(C)C)c(N(C)C)c1
CHEMBL2312280,THRbeta,7.770,,1,0,Active,exact,Cc1cc(NC(=O)CC(=O)O)c2c(c1Oc1ccc(O)c(CCC3CCCCC3)c1)CCC2
CHEMBL407672,THRbeta,,5.648,0,1,,censored,C#C[C@]1(O)CC[C@H]2[C@@H]3CCC4=CC(=O)CCC4=C3[C@@H](c3ccc(N(C)CCOC4CC[C@@]5(C)[C@@H](C4)C[C@@H](O)[C@@H]4[C@@H]5C[C@H](O)[C@]5(C)[C@@H]([C@H](C)CCC(=O)NCCS(=O)(=O)O)CC[C@@H]45)cc3)C[C@@]21C
CHEMBL5598543,THRbeta,6.040,,1,0,Active,exact,COCc1nn(-c2cc(Cl)c(Oc3cc(C(C)C)c(=O)[nH]n3)c(Cl)c2)c(=O)[nH]c1=O
CHEMBL157885,THRbeta,5.290,,4,0,,exact,Cc1oc2ccccc2c1Cc1cc(I)c(OCC(=O)O)c(I)c1
CHEMBL3126375,THRbeta,6.985,,2,0,Active,exact,Cc1c(CCCC(=O)O)c2ccccc2n1Cc1ccc(O)c(C(C)C)c1
CHEMBL5181604,THRbeta,7.750,,1,0,Active,exact,CCOc1nc(C(=O)NCC(=O)O)c(O)c2ccc(Oc3c(C)cc(C(=O)c4cc(F)cc(OC)c4)cc3C)cc12
CHEMBL562173,THRbeta,5.460,,1,0,,exact,CCCCCCS(=O)(=O)c1cc(C)c(C(=O)CCN2CC2C)c(C)c1
CHEMBL392925,THRbeta,8.700,,2,0,Active,exact,COc1ccccc1CCNC(=O)c1cc(Oc2c(Br)cc(CC(=O)O)cc2Br)ccc1O
CHEMBL235489,THRbeta,,4.000,0,1,Inactive,censored,C=C(CC(=O)Nc1ccc(CCCCCC)cc1)C(=O)O
CHEMBL237722,THRbeta,7.390,,2,0,Active,exact,O=C(O)Cc1cc(Cl)c(Oc2ccc(O)c(-c3cccnc3)c2)c(Cl)c1
CHEMBL558297,THRbeta,6.050,,1,0,Active,exact,CCCCCCS(=O)(=O)c1ccc(C(=O)CCN2CCN(S(=O)(=O)CC)CC2)c(Cl)c1Cl
CHEMBL3264932,THRbeta,,4.000,0,1,Inactive,censored,CCn1c(CCCc2ccc(-c3ccc(NS(=O)(=O)c4ccccc4)cn3)cc2)nn(Cc2ccc(C(C)(C)C)cc2)c1=O
CHEMBL5758704,THRbeta,6.050,,1,0,Active,exact,CC(C)c1cc(Oc2c(Cl)cc(-c3cc(=O)[nH]o3)cc2Cl)n[nH]c1=O
CHEMBL394061,THRbeta,,4.000,0,1,Inactive,censored,CCCCCCc1ccc(NC(=O)C=C(C)C)cc1
CHEMBL250307,THRbeta,6.090,,1,0,Active,exact,Nc1cccc(COc2c(Br)cc(CCC(=O)O)cc2Br)c1
CHEMBL3397341,THRbeta,10.050,,1,0,Active,exact,Cc1cn(Cc2ccc(O)c(C(C)C)c2)c2c(Cl)cc(OCC(=O)O)cc12
CHEMBL4754997,THRbeta,6.920,,1,0,Active,exact,COc1cc(C(=O)N2CCC(O)C(C)C2)cc2nc(NC3(c4cccc(Cl)c4)CC3)oc12
CHEMBL202336,THRbeta,7.350,,3,0,Active,exact,CCCC(CCC)C(=O)Nc1ccc(Oc2c(Cl)cc(CC(=O)O)cc2Cl)cc1Br
CHEMBL193864,THRbeta,8.740,,1,0,Active,exact,O=C(O)CNc1cc(Cl)c(-c2cccc3c(Br)c(O)ccc23)c(Cl)c1
CHEMBL236438,THRbeta,8.470,,2,0,Active,exact,O=C(O)Cc1cc(Cl)c(Oc2ccc(O)c(-c3cccc(OC(F)(F)F)c3)c2)c(Cl)c1
CHEMBL4776051,THRbeta,8.700,,1,0,Active,exact,COc1cc(C(=O)N2CC(C)OCC2C2CC(O)C2)cc2nc(N[C@H](C)c3cccc(Cl)c3)oc12
CHEMBL560309,THRbeta,,4.301,0,1,Inactive,censored,CCCCCCOc1ccc(C(=O)CCn2ccnc2)cc1
CHEMBL3397339,THRbeta,10.400,,1,0,Active,exact,Cc1cc2cc(OCC(=O)O)cc(Cl)c2n1Cc1ccc(O)c(C(C)C)c1
CHEMBL204609,THRbeta,7.800,,3,0,Active,exact,CCC(CC)C(=O)Nc1ccc(Oc2c(Cl)cc(CC(=O)O)cc2Cl)cc1Br
CHEMBL4743629,THRbeta,7.315,,2,0,Active,exact,CC(C)c1cc(Oc2c(Cl)cc(NCc3noc(=O)[nH]3)cc2Cl)n[nH]c1=O
CHEMBL511862,THRbeta,8.820,,1,0,Active,exact,CC(C)c1cc(Oc2c(Br)cc(NCP(=O)(O)O)cc2Br)ccc1O
CHEMBL3261331,THRbeta,6.680,,6,0,Active,exact,CC(C)c1cc(Oc2c(Cl)cc(-n3nc(C#N)c(=O)[nH]c3=O)cc2Cl)n[nH]c1=O
CHEMBL235922,THRbeta,5.800,,1,0,,exact,CCCCCCc1ccc(C(=O)CCN(C)CCO)cc1
CHEMBL235904,THRbeta,4.750,,1,0,Inactive,exact,CCCCCCc1ccc(NC(=O)/C=C\C(=O)O)cc1
CHEMBL4740641,THRbeta,7.570,,1,0,Active,exact,COc1cc(C(=O)N2CCOC(C)(C)C2)cc2nc(NCc3cccc(Cl)c3)oc12
CHEMBL4781058,THRbeta,6.520,,1,0,Active,exact,COc1cc(C(=O)N2CCC(O)C(C)C2)cc2nc(NCc3cc(Cl)ccc3F)oc12
CHEMBL330814,THRbeta,7.330,,1,0,Active,exact,Cc1cccc(-c2nn3c(c2-c2ccc(O)cc2)CCC3)n1
CHEMBL516330,THRbeta,7.520,,1,0,Active,exact,CC(C)c1cc(Oc2c(Cl)cc(NCP(=O)(O)O)cc2Cl)ccc1O
CHEMBL4637025,THRbeta,7.720,,1,0,Active,exact,O=C(O)Cc1cc(Br)c(Oc2cc(I)c(O)c(I)c2)c(I)c1
CHEMBL3261323,THRbeta,6.110,,1,0,Active,exact,CC(C)c1cc(Oc2c(Cl)cc(CC(=O)O)cc2Cl)nn(C)c1=O
CHEMBL2338329,THRbeta,7.890,,1,0,Active,exact,Cc1nc(C(=O)NCC(=O)O)c(O)c2ccc(Oc3ccccc3)cc12
CHEMBL247920,THRbeta,,5.000,0,1,,censored,CCc1c(-c2ccccc2)c(-c2ccccc2)nn1-c1ccccc1-c1cccc(OCC(=O)O)c1
CHEMBL203555,THRbeta,7.820,,2,0,Active,exact,Cc1cc2nc(C(=O)O)ccc2c(C)c1Oc1ccc(O)c(C(C)C)c1
CHEMBL120718,THRbeta,6.460,,1,0,Active,exact,Cc1cccc(-c2nn3c(c2-c2ccc(F)c(F)c2)CCC3)n1
CHEMBL5957895,THRbeta,7.210,,1,0,Active,exact,CC(C)c1cc(Oc2c(Cl)cc(-c3cc(=O)[nH]o3)cc2Cl)nn(C)c1=O
CHEMBL6061682,THRbeta,6.560,,1,0,Active,exact,CC(C)c1cc(Oc2c(Cl)cc(N[C@@H](C)c3noc(=O)[nH]3)cc2Cl)nn(C)c1=O
CHEMBL393489,THRbeta,8.400,,2,0,Active,exact,CC(C)c1cccc(-c2cc(Oc3c(Cl)cc(CC(=O)O)cc3Cl)ccc2O)c1
CHEMBL563181,THRbeta,5.750,,1,0,,exact,CCCCCCOc1ccc(C(=O)CCN(C)C)c(Cl)c1
CHEMBL4780106,THRbeta,7.400,,1,0,Active,exact,COc1cc(C(=O)N2CCC(C)(C)C2)cc2nc(NCc3cccc(Cl)c3)oc12
CHEMBL5266872,THRbeta,7.400,,1,0,Active,exact,CC(C)n1c(=O)ccc2c1ccn2-c1c(Cl)cc(-c2n[nH]c(=O)[nH]c2=O)cc1Cl
CHEMBL371245,THRbeta,8.050,,1,0,Active,exact,O=C(O)Cc1cc(Cl)c(Oc2ccc(O)c(Br)c2)c(Cl)c1
CHEMBL5191155,THRbeta,7.750,,1,0,Active,exact,CCOc1nc(C(=O)NCC(=O)O)c(O)c2ccc(Oc3ccc(Oc4ccccc4)cc3)cc12
CHEMBL4754713,THRbeta,5.750,,1,0,,exact,COc1ccc(Oc2c(Cl)cc(NC(=O)Cc3cnn(S(C)(=O)=O)c3)cc2Cl)cc1C(C)C
CHEMBL203777,THRbeta,10.220,,3,0,Active,exact,CC(C)c1cc(Oc2c(Cl)cc3[nH]c(C(=O)O)cc3c2Cl)ccc1O
CHEMBL5269734,THRbeta,,5.432,0,1,,censored,Cc1cc2c(ccn2-c2c(Cl)cc(-n3nc(C#N)c(=O)[nH]c3=O)cc2Cl)cc1O
CHEMBL2312270,THRbeta,7.520,,1,0,Active,exact,Cc1cc(NC(=O)CC(=O)O)c2c(c1Oc1ccc(O)c(CCc3ccccc3Cl)c1)CCC2
CHEMBL121790,THRbeta,6.760,,1,0,Active,exact,Cc1cccc(-c2nn3c(c2-c2ccc(F)cc2)CCC3)n1
CHEMBL5590206,THRbeta,,4.301,0,1,Inactive,censored,CNc1nn(-c2cc(Cl)c(Oc3cc(C(C)C)c(=O)[nH]n3)c(Cl)c2)c(=O)[nH]c1=O
CHEMBL264527,THRbeta,6.140,,1,0,Active,exact,CCCCN(C)C(=O)CCCCCC/C=C\CCC(c1ccc(O)c(C(C)C)c1)c1c(C)cc(OCC(=O)O)cc1C
CHEMBL2348884,THRbeta,4.510,,1,0,Inactive,exact,CS(=O)(=O)c1ccc(C(=O)NCCC(=O)NC23CC4CC(CC(C4)C2)C3)cc1[N+](=O)[O-]
CHEMBL561653,THRbeta,,4.301,0,1,Inactive,censored,CCCCCCOc1ccc(-c2ccc(C(=O)CCN(C)C)cc2)cc1
CHEMBL415621,THRbeta,5.720,,1,0,,exact,C#C[C@]1(O)CC[C@H]2[C@@H]3CCC4=CC(=O)CCC4=C3[C@@H](c3ccc(N(C)CCCOC4CC[C@@]5(C)[C@@H](C4)C[C@@H](O)[C@@H]4[C@@H]5C[C@H](O)[C@]5(C)[C@@H]([C@H](C)CCC(=O)O)CC[C@@H]45)cc3)C[C@@]21C
CHEMBL123920,THRbeta,9.640,,1,0,Active,exact,O=c1cnn(-c2cc(Cl)c(Oc3ccc(O)c(S(=O)(=O)n4ccc5ccccc54)c3)c(Cl)c2)c(=O)[nH]1
CHEMBL235607,THRbeta,8.220,,2,0,Active,exact,O=C(O)Cc1cc(Br)c(Oc2ccc(O)c(Oc3ccc(O)cc3)c2)c(Br)c1
CHEMBL2348920,THRbeta,,4.222,0,1,Inactive,censored,CC1CCN(C(=O)CCCNC(=O)c2ccc(S(C)(=O)=O)c([N+](=O)[O-])c2)CC1
CHEMBL237455,THRbeta,4.250,,1,0,Inactive,exact,C=CC(=O)Oc1ccc(CCCCC)cc1
CHEMBL3397345,THRbeta,8.960,,1,0,Active,exact,Cc1cn(Cc2ccc(O)c(CC3CCCCC3)c2)c2ccc(OCC(=O)O)cc12
CHEMBL550954,THRbeta,6.160,,1,0,Active,exact,CCCCCCS(=O)(=O)c1ccc(C(=O)CCN2CCOCC2)c(Cl)c1Cl
CHEMBL4793547,THRbeta,8.100,,1,0,Active,exact,COc1cc(C(=O)N2CC(C)OCC2C2CC(O)C2)cc2nc(NCc3cc(Cl)ccn3)oc12
CHEMBL236132,THRbeta,5.570,,1,0,,exact,CCCCCCc1ccc(C(=O)CCN2CCOCC2)cc1
CHEMBL425939,THRbeta,9.550,,2,0,Active,exact,CC(C)c1cc(Oc2c(Br)cc3[nH]c(C(=O)O)cc3c2Br)ccc1O
CHEMBL436859,THRbeta,,5.648,0,1,,censored,C#C[C@]1(O)CC[C@H]2[C@@H]3CCC4=CC(=O)CCC4=C3[C@@H](c3ccc(N(C)C(=O)CC[C@H](NC(=O)CC[C@@H](C)[C@H]4CC[C@H]5[C@@H]6[C@H](O)C[C@@H]7C[C@H](O)CC[C@]7(C)[C@H]6C[C@H](O)[C@]45C)C(=O)O)cc3)C[C@@]21C
CHEMBL560972,THRbeta,5.570,,1,0,,exact,CCCCCCOc1ccc(C(=O)CCN(C)C)cc1C(F)(F)F
CHEMBL3397336,THRbeta,9.590,,1,0,Active,exact,Cc1cc(OCC(=O)O)cc2ccn(Cc3ccc(O)c(C(C)C)c3)c12
CHEMBL2312279,THRbeta,7.500,,1,0,Active,exact,Cc1cc(NC(=O)CC(=O)O)c2c(c1Oc1ccc(O)c(CCC(C)C)c1)CCC2
CHEMBL4755097,THRbeta,6.670,,1,0,Active,exact,CC(C)(O)c1cc(Oc2c(Cl)cc(NC(=O)c3noc(=O)[nH]3)cc2Cl)n[nH]c1=O
CHEMBL5279191,THRbeta,7.520,,1,0,Active,exact,CC(C)n1c(=O)ccc2c1ccn2-c1c(Cl)cc(-n2nc(C#N)c(=O)[nH]c2=O)cc1Cl
CHEMBL5598346,THRbeta,4.540,,1,0,Inactive,exact,CC(C)c1cc(Oc2c(Cl)cc(-n3nc(CC(=O)O)c(=O)[nH]c3=O)cc2Cl)n[nH]c1=O
CHEMBL539139,THRbeta,,4.301,0,1,Inactive,censored,CCOCCOc1ccc(C(=O)CCN(C)C)cc1
CHEMBL3126367,THRbeta,6.960,,3,0,Active,exact,Cc1cc2c(NC(=O)C(=O)O)cccc2n1Cc1ccc(O)c(C(C)C)c1
CHEMBL5815482,THRbeta,6.220,,1,0,Active,exact,O=C(Nc1cc(Cl)c(Oc2cc(C34CC(C3)C4)c(=O)[nH]n2)c(Cl)c1)c1noc(=O)[nH]1
CHEMBL394199,THRbeta,7.220,,2,0,Active,exact,O=C(O)Cc1cc(Br)c(Oc2ccc(O)c(Oc3cccc(-c4ccccc4)c3)c2)c(Br)c1
CHEMBL5207720,THRbeta,7.760,,1,0,Active,exact,COc1nc(C(=O)NCC(=O)O)c(O)c2ccc(Oc3ccc(Oc4ccccc4)cc3)cc12
CHEMBL2349044,THRbeta,,4.222,0,1,Inactive,censored,CN(Cc1ccccc1)C(=O)C1CCN(C(=O)c2ccc(S(C)(=O)=O)c([N+](=O)[O-])c2)CC1
CHEMBL291053,THRbeta,10.720,,3,0,Active,exact,O=C(O)CCc1cc(I)c(Oc2ccc(O)c(I)c2)c(I)c1
CHEMBL2348924,THRbeta,,4.222,0,1,Inactive,censored,CN(CC(=O)NC12CC3CC(CC(C3)C1)C2)C(=O)c1ccc(S(C)(=O)=O)c([N+](=O)[O-])c1
CHEMBL2348923,THRbeta,,4.222,0,1,Inactive,censored,CC1Cc2ccccc2N1C(=O)CCCNC(=O)c1ccc(S(C)(=O)=O)c([N+](=O)[O-])c1
CHEMBL5207186,THRbeta,8.160,,1,0,Active,exact,CCOc1nc(C(=O)NCC(=O)O)c(O)c2ccc(Oc3ccc(C(=O)c4ccccc4)cc3)cc12
CHEMBL539393,THRbeta,5.000,,1,0,,exact,CCCCCCOc1ccc(C(=O)CCN(C)C)cc1C
CHEMBL3397346,THRbeta,8.500,,1,0,Active,exact,Cc1cn(Cc2ccc(O)c(-c3ccccc3)c2)c2ccc(OCC(=O)O)cc12
CHEMBL237600,THRbeta,5.275,,2,0,,exact,C=CC(=O)c1ccc(CCCCCC)cc1
CHEMBL401392,THRbeta,8.070,,1,0,Active,exact,CC(C)c1cc(Oc2c(Br)cc3c(c2Br)CC(C(=O)O)N3)ccc1O
CHEMBL3126376,THRbeta,6.530,,2,0,Active,exact,Cc1c(CCCCC(=O)O)c2ccccc2n1Cc1ccc(O)c(C(C)C)c1
CHEMBL193198,THRbeta,6.040,,4,0,Active,exact,CC(C)c1cc(Oc2c(Br)cc(C(=O)O)cc2Br)cc(C(C)C)c1O
CHEMBL560311,THRbeta,5.960,,1,0,,exact,CCCCCCOc1ccc(C(=O)CCN(C)C)c(Cl)c1Cl
CHEMBL429078,THRbeta,7.740,,2,0,Active,exact,O=C(O)Cc1cc(Br)c(Oc2ccc(O)c(C(=O)NCCCCc3ccccc3)c2)c(Br)c1
CHEMBL558108,THRbeta,5.770,,1,0,,exact,CCCCCCSc1cc(Cl)c(C(=O)CCN2CCNC(=O)C2)c(Cl)c1
CHEMBL2035880,THRbeta,6.520,,1,0,Active,exact,CC(C)c1cc(Oc2c(Br)cc(NC(=O)CC(=O)O)c3c2CCCC3)ccc1O
CHEMBL195855,THRbeta,5.740,,3,0,,exact,CC(C)CCOc1c(Br)cc(CCC(=O)O)cc1Br
CHEMBL4746879,THRbeta,7.920,,1,0,Active,exact,CCCN(CC1CCOC1)C(=O)c1cc(OC)c2oc(NCc3cccc(Cl)c3)nc2c1
CHEMBL2348903,THRbeta,,4.222,0,1,Inactive,censored,CC1Cc2ccccc2N1C(=O)CCNC(=O)c1ccc(S(C)(=O)=O)c([N+](=O)[O-])c1
CHEMBL2348888,THRbeta,,4.222,0,1,Inactive,censored,CN(Cc1ccccc1)C(=O)CCNC(=O)c1ccc(S(C)(=O)=O)c([N+](=O)[O-])c1
CHEMBL519721,THRbeta,7.810,,1,0,Active,exact,CC(C)c1cc(Oc2c(Br)cc(CP(=O)(O)O)cc2Br)ccc1O
CHEMBL562172,THRbeta,6.100,,1,0,Active,exact,CCCCCCS(=O)(=O)c1cc(Cl)c(C(=O)CCN2CCN(S(=O)(=O)CC)CC2)c(Cl)c1
CHEMBL558106,THRbeta,5.720,,1,0,,exact,CCCCCCOc1ccc(C(=O)CCN(C)C)c(C(F)(F)F)c1
CHEMBL6013529,THRbeta,6.740,,1,0,Active,exact,Cn1nc(Cc2c(Cl)cc(NC(=O)c3noc(=O)[nH]3)cc2Cl)cc(C2CC2)c1=O
CHEMBL202940,THRbeta,7.740,,3,0,Active,exact,CC(C)C(=O)Nc1ccc(Oc2c(Cl)cc(CC(=O)O)cc2Cl)cc1Br
CHEMBL552048,THRbeta,6.100,,1,0,Active,exact,CCCCCCOc1cc(Cl)c(C(=O)CCN2CCN(C(C)=O)CC2)cc1Cl
CHEMBL552456,THRbeta,5.700,,1,0,,exact,CCCCCCOc1cc(C)c(C(=O)CCN2CCOCC2)c(C)c1
CHEMBL551106,THRbeta,5.720,,1,0,,exact,CCCCCCOc1cc(C)c(C(=O)CCN2CCN(C(C)=O)CC2)c(C)c1
CHEMBL3126374,THRbeta,6.775,,2,0,Active,exact,Cc1c(CCC(=O)O)c2ccccc2n1Cc1ccc(O)c(C(C)C)c1
CHEMBL2348905,THRbeta,4.970,,1,0,Inactive,exact,CS(=O)(=O)c1ccc(C(=O)NCCCC(=O)NC23CC4CC(CC(C4)C2)C3)cc1[N+](=O)[O-]
CHEMBL4761797,THRbeta,7.320,,1,0,Active,exact,COc1cc(C(=O)N2CCC(O)C(C)C2)cc2nc(N[C@H](C)c3cccc(Cl)c3)oc12
CHEMBL289965,THRbeta,8.680,,3,0,Active,exact,CC(C)c1cc(Oc2c(Br)cc(C(=O)O)cc2Br)ccc1O
CHEMBL3261329,THRbeta,5.040,,1,0,,exact,CC(C)c1cc([S+]([O-])c2c(Cl)cc(CC(=O)O)cc2Cl)n[nH]c1=O
CHEMBL250513,THRbeta,7.060,,1,0,Active,exact,CCN(CC)c1cccc(COc2c(Br)cc(CCC(=O)O)cc2Br)c1
CHEMBL563943,THRbeta,5.680,,1,0,,exact,CCCCCCS(=O)(=O)c1cc(Cl)c(C(=O)CCN2CC2C)c(Cl)c1
CHEMBL2348867,THRbeta,4.340,,1,0,Inactive,exact,CS(=O)(=O)c1ccc(C(=O)NCC(=O)N2CCc3ccccc3C2)cc1[N+](=O)[O-]
CHEMBL235166,THRbeta,7.080,,2,0,Active,exact,O=C(O)Cc1cc(Br)c(Oc2ccc(O)c(Oc3ccccc3O)c2)c(Br)c1
CHEMBL505084,THRbeta,7.440,,1,0,Active,exact,Cc1cc(NC(=O)P(=O)(O)O)cc(C)c1Oc1ccc(O)c(C(C)C)c1
CHEMBL266935,THRbeta,,5.648,0,1,,censored,C#C[C@]1(O)CC[C@H]2[C@@H]3CCC4=CC(=O)CCC4=C3[C@@H](c3ccc(N(C)CCNC(=O)OC4CC[C@@]5(C)[C@@H](C4)C[C@@H](O)[C@@H]4[C@@H]5C[C@H](O)[C@]5(C)[C@@H]([C@H](C)CCC(=O)O)CC[C@@H]45)cc3)C[C@@]21C
CHEMBL236033,THRbeta,5.370,,1,0,,exact,CCCCCCc1ccc(C(=O)CCN(C)C)cc1
CHEMBL550846,THRbeta,5.800,,1,0,,exact,CCCCCCSc1cc(C)c(C(=O)CCN2CCOCC2)c(C)c1
CHEMBL541481,THRbeta,6.100,,1,0,Active,exact,CCCCCCSc1ccc(C(=O)CCN2CCOCC2)c(Cl)c1
CHEMBL2035877,THRbeta,7.690,,1,0,Active,exact,Cc1cc(NC(=O)CC(=O)O)c(C)c(C)c1Oc1ccc(O)c(C(C)C)c1
CHEMBL550295,THRbeta,6.100,,1,0,Active,exact,CCCCCCS(=O)(=O)c1ccc(C(=O)CCN2CCNC(=O)C2)c(Cl)c1Cl
CHEMBL195327,THRbeta,6.260,,1,0,Active,exact,O=C(O)Cc1cc(Cl)c(-c2cccc3cc(O)ccc23)c(Cl)c1
CHEMBL2035885,THRbeta,7.230,,1,0,Active,exact,Cc1cc(NC(=O)CC(=O)O)c2c(c1C(=O)c1ccc(O)c(C(C)C)c1)CCC2
CHEMBL2348874,THRbeta,5.440,,1,0,,exact,CS(=O)(=O)c1ccc(C(=O)NCC(=O)N(Cc2ccccc2)Cc2ccccc2)cc1[N+](=O)[O-]
CHEMBL449354,THRbeta,,4.000,0,1,Inactive,censored,CCCCCCCc1ccc(C(=O)/C=C/c2ccccc2)cc1
CHEMBL2348909,THRbeta,,4.222,0,1,Inactive,censored,CN(Cc1ccccc1)C(=O)CCCNC(=O)c1ccc(S(C)(=O)=O)c([N+](=O)[O-])c1
CHEMBL237601,THRbeta,4.750,,1,0,Inactive,exact,CCCCCCc1ccc(C(=O)/C=C\C(=O)O)cc1
CHEMBL235164,THRbeta,7.550,,2,0,Active,exact,O=C(O)Cc1cc(Cl)c(Oc2ccc(O)c(-c3nccs3)c2)c(Cl)c1
CHEMBL4796689,THRbeta,8.600,,1,0,Active,exact,COc1cc(C(=O)N2CC(C)(CCO)OC[C@H]2C)cc2nc(NCc3cc(Cl)ccn3)oc12
CHEMBL2348872,THRbeta,4.620,,1,0,Inactive,exact,CN(Cc1ccccc1F)C(=O)CNC(=O)c1ccc(S(C)(=O)=O)c([N+](=O)[O-])c1
CHEMBL789,THRbeta,9.990,,1,0,Active,exact,NC(Cc1cc(I)c(Oc2ccc(O)c(I)c2)c(I)c1)C(=O)O
CHEMBL124205,THRbeta,10.085,,4,0,Active,exact,CC1(C)C2CCC(NC(=O)c3cc(Oc4c(Cl)cc(-n5ncc(=O)[nH]c5=O)cc4Cl)ccc3O)C1C2
CHEMBL457528,THRbeta,9.010,,1,0,Active,exact,CC(C)c1cc(Oc2c(I)cc(OCP(=O)(O)O)cc2I)ccc1O
CHEMBL571226,THRbeta,5.820,,1,0,,exact,CCCCCCOc1cc(Cl)c(C(=O)CCN2CCNC(=O)C2)c(Cl)c1
CHEMBL39174,THRbeta,10.020,,5,0,Active,exact,CC(C)c1cc(Oc2c(Br)cc(CC(=O)O)cc2Br)ccc1O
CHEMBL2348896,THRbeta,,4.222,0,1,Inactive,censored,CS(=O)(=O)c1ccc(C(=O)NCCC(=O)N2CCN(c3ccccc3F)CC2)cc1[N+](=O)[O-]
CHEMBL4114862,THRbeta,9.520,,1,0,Active,exact,COc1cc(C(=O)N2CC(C)OCC2C2CC(O)C2)cc2nc(N[C@H](CF)c3cccc(Cl)c3)oc12
CHEMBL550752,THRbeta,5.960,,1,0,,exact,CCCCCCSc1cc(Cl)c(C(=O)CCN2CCN(C(C)=O)CC2)c(Cl)c1
CHEMBL448595,THRbeta,8.180,,1,0,Active,exact,CCC(C)c1cc(Cc2c(C)cc(OCP(=O)(O)O)cc2C)ccc1O
CHEMBL124126,THRbeta,10.475,,2,0,Active,exact,O=c1cnn(-c2cc(Cl)c(Oc3ccc(O)c(S(=O)(=O)N4CCCCC4)c3)c(Cl)c2)c(=O)[nH]1
CHEMBL550766,THRbeta,,4.301,0,1,Inactive,censored,CCCCCCOc1ccc(C(=O)C(CN(C)C)c2ccccc2)cc1
CHEMBL192639,THRbeta,5.820,,4,0,,exact,CCCCCCOc1c(Br)cc(CC(=O)O)cc1Br
CHEMBL120211,THRbeta,6.920,,1,0,Active,exact,COc1ccc(-c2c(-c3cccc(C)n3)nn3c2CCC3)cc1
CHEMBL541737,THRbeta,5.820,,1,0,,exact,CCCCCCSc1cc(C)c(C(=O)CCN(C)C)c(C)c1
CHEMBL2349041,THRbeta,,4.222,0,1,Inactive,censored,CS(=O)(=O)c1ccc(C(=O)N2CCC(C(=O)NC34CC5CC(CC(C5)C3)C4)CC2)cc1[N+](=O)[O-]
CHEMBL2035884,THRbeta,7.710,,1,0,Active,exact,Cc1cc(NC(=O)CC(=O)O)c2c(c1Cc1ccc(O)c(C(C)C)c1)CCC2
CHEMBL393201,THRbeta,5.850,,1,0,,exact,CC(C)c1cc(Oc2c(Br)cc(CC(=O)N[C@H](C(=O)O)C(C)C)cc2Br)cc(Cl)c1O
CHEMBL331703,THRbeta,5.030,,1,0,,exact,CCS(=O)(=O)c1ccc2c(-c3c(-c4ccccn4)nn4c3CCC4)ccnc2c1
CHEMBL557091,THRbeta,5.400,,1,0,,exact,CCCCCCOc1cc(C)c(C(=O)CCN2CCN(S(=O)(=O)CC)CC2)c(C)c1
CHEMBL557,THRbeta,9.590,,3,0,Active,exact,N[C@H](Cc1cc(I)c(Oc2ccc(O)c(I)c2)c(I)c1)C(=O)O
CHEMBL236133,THRbeta,5.410,,1,0,,exact,CCCCCCc1ccc(C(=O)CCN2CCC(C(=O)OC)CC2)cc1
CHEMBL5596618,THRbeta,,4.301,0,1,Inactive,censored,CC(C)c1cc(Oc2c(Cl)cc(-n3nc(-c4ccccn4)c(=O)[nH]c3=O)cc2Cl)n[nH]c1=O
CHEMBL550905,THRbeta,6.100,,1,0,Active,exact,CCCCCCOc1cc(Cl)c(C(=O)CCN2CCOCC2)c(Cl)c1
CHEMBL2348927,THRbeta,,4.222,0,1,Inactive,censored,CN(Cc1ccccc1)C(=O)CN(C)C(=O)c1ccc(S(C)(=O)=O)c([N+](=O)[O-])c1
CHEMBL235276,THRbeta,,4.000,0,1,Inactive,censored,CCCCCCc1ccc(NC(=O)/C=C/c2ccccc2)cc1
CHEMBL2349054,THRbeta,,4.222,0,1,Inactive,censored,CS(=O)(=O)c1ccc(C(=O)N2CCC(C(=O)N3CCCCC3)CC2)cc1[N+](=O)[O-]
CHEMBL120907,THRbeta,6.190,,1,0,Active,exact,COc1ccc(-c2c(-c3ccccn3)nn3c2CCC3)cc1
CHEMBL4741763,THRbeta,,5.301,0,1,,censored,CC(C)c1cc(Oc2c(Cl)cc(N(C)Cc3noc(=O)[nH]3)cc2Cl)nn(C)c1=O
CHEMBL562251,THRbeta,5.920,,1,0,,exact,CCCCCCS(=O)(=O)c1ccc(C(=O)CCN2CC2C)c(Cl)c1Cl
CHEMBL2348883,THRbeta,,4.222,0,1,Inactive,censored,CN1CCN(C(=O)CNC(=O)c2ccc(S(C)(=O)=O)c([N+](=O)[O-])c2)CC1
CHEMBL118339,THRbeta,5.400,,1,0,,exact,Cc1ccc(-c2c(-c3cccc(C)n3)nn3c2CCC3)cc1
CHEMBL550761,THRbeta,5.440,,1,0,,exact,CCCCCCS(=O)(=O)c1ccc(C(=O)CCN(C)C)c(Cl)c1
CHEMBL2312275,THRbeta,7.240,,1,0,Active,exact,Cc1cc(NC(=O)CC(=O)O)c2c(c1Oc1ccc(O)c(CCc3ccc(O)cc3)c1)CCC2
CHEMBL539718,THRbeta,5.820,,1,0,,exact,CCCCCCSc1ccc(C(=O)CCN(C)C)c(Cl)c1
CHEMBL570776,THRbeta,5.340,,1,0,,exact,CCCCCCOc1ccc(C(=O)CCN2CC2C)c(Cl)c1
CHEMBL2348916,THRbeta,,4.222,0,1,Inactive,censored,CS(=O)(=O)c1ccc(C(=O)NCCCC(=O)N2CCN(c3ccccc3F)CC2)cc1[N+](=O)[O-]
CHEMBL192427,THRbeta,6.720,,3,0,Active,exact,O=C(O)CCc1cc(Br)c(OCC2CCCCC2)c(Br)c1
CHEMBL2348911,THRbeta,,4.222,0,1,Inactive,censored,CN(Cc1cccc(F)c1)C(=O)CCCNC(=O)c1ccc(S(C)(=O)=O)c([N+](=O)[O-])c1
CHEMBL2312274,THRbeta,7.090,,1,0,Active,exact,Cc1cc(NC(=O)CC(=O)O)c2c(c1Oc1ccc(O)c(CCc3cccc(O)c3)c1)CCC2
CHEMBL561649,THRbeta,5.960,,1,0,,exact,CCCCCCS(=O)(=O)c1cc(C)c(C(=O)CCN(C)C)c(C)c1
CHEMBL41632,THRbeta,10.320,,3,0,Active,exact,O=C(O)Cc1cc(I)c(Oc2ccc(O)c(I)c2)c(I)c1
CHEMBL2349051,THRbeta,,4.222,0,1,Inactive,censored,Cc1ccc(N2CCN(C(=O)C3CCN(C(=O)c4ccc(S(C)(=O)=O)c([N+](=O)[O-])c4)CC3)CC2)cc1
CHEMBL258886,THRbeta,6.280,,3,0,Active,exact,O=C1NC(=O)C(Cc2cc(I)c(Oc3ccc(O)c(Br)c3)c(I)c2)N1
CHEMBL551710,THRbeta,5.150,,1,0,,exact,CCCCCCOc1cccc(C(=O)CCN(C)C)c1
CHEMBL2312271,THRbeta,7.390,,1,0,Active,exact,Cc1cc(NC(=O)CC(=O)O)c2c(c1Oc1ccc(O)c(CCc3cccc(Cl)c3)c1)CCC2
CHEMBL442280,THRbeta,8.490,,1,0,Active,exact,O=C(O)Cc1cc(Cl)c(Oc2ccc(O)c(-c3ccccc3C(F)(F)F)c2)c(Cl)c1
CHEMBL4114879,THRbeta,10.050,,1,0,Active,exact,COc1cc(C(=O)N2CC(C)(CCO)OC[C@H]2C)cc2nc(N[C@H](CF)c3cccc(Cl)c3)oc12
CHEMBL388590,THRbeta,5.050,,1,0,,exact,CCc1oc2ccccc2c1C(=O)c1cc(Br)c(O)c(Br)c1
CHEMBL418432,THRbeta,9.820,,4,0,Active,exact,CC(C)c1cc(Oc2c(Cl)cc(CCC(=O)O)cc2Cl)ccc1O
CHEMBL4749829,THRbeta,9.400,,1,0,Active,exact,CC[C@@H]1CO[C@@](C)(CCO)CN1C(=O)c1cc(OC)c2oc(N[C@H](C)c3cccc(Cl)c3)nc2c1
CHEMBL5271234,THRbeta,7.160,,1,0,Active,exact,N#Cc1nn(-c2cc(Cl)c(-n3ccc4c3ccc(=O)n4CC(F)(F)F)c(Cl)c2)c(=O)[nH]c1=O
CHEMBL2349050,THRbeta,,4.222,0,1,Inactive,censored,CS(=O)(=O)c1ccc(C(=O)N2CCC(C(=O)N3CCN(c4ccccc4)CC3)CC2)cc1[N+](=O)[O-]
CHEMBL205171,THRbeta,7.330,,3,0,Active,exact,CCCC(C)C(=O)Nc1ccc(Oc2c(Cl)cc(CC(=O)O)cc2Cl)cc1Br
CHEMBL2348908,THRbeta,,4.222,0,1,Inactive,censored,CCCN(C(=O)CCCNC(=O)c1ccc(S(C)(=O)=O)c([N+](=O)[O-])c1)c1ccccc1
CHEMBL5290997,THRbeta,,4.000,0,1,Inactive,censored,N#Cc1nn(-c2cc(Cl)c(-n3ccc4c(O)cccc43)c(Cl)c2)c(=O)[nH]c1=O
CHEMBL4211975,THRbeta,5.060,,1,0,,exact,COC(=O)c1ccc(OCc2oc(-c3cccc(OC)c3)nc2C)cc1
CHEMBL3397343,THRbeta,7.830,,2,0,Active,exact,Cc1cn(Cc2ccc(O)c(Cc3ccccc3)c2)c2ccc(OCC(=O)O)cc12
CHEMBL633,THRbeta,6.220,,1,0,Active,exact,CCCCc1oc2ccccc2c1C(=O)c1cc(I)c(OCCN(CC)CC)c(I)c1
CHEMBL2312267,THRbeta,6.650,,1,0,Active,exact,Cc1cc(NC(=O)CC(=O)O)c2c(c1Oc1ccc(O)c(CCCc3ccccc3)c1)CCC2
CHEMBL372428,THRbeta,7.660,,1,0,Active,exact,O=C(O)CCC(=O)Nc1cc(Cl)c(-c2cccc3c(Br)c(O)ccc23)c(Cl)c1
CHEMBL5598332,THRbeta,6.200,,1,0,Active,exact,CC(C)c1cc(Oc2c(Cl)cc(-n3nc(NC(=O)OC(C)(C)C)c(=O)[nH]c3=O)cc2Cl)n[nH]c1=O
CHEMBL322361,THRbeta,9.660,,1,0,Active,exact,Cc1cc(CCC(=O)O)cc(C)c1Cc1ccc(O)c(C(C)C)c1
CHEMBL560369,THRbeta,6.220,,1,0,Active,exact,CCCCCCSc1ccc(C(=O)CCN2CCN(C(C)=O)CC2)c(Cl)c1
CHEMBL550841,THRbeta,,4.301,0,1,Inactive,censored,CCCCCCOc1ccc(C(=O)CCNc2ccccc2)cc1
CHEMBL4763344,THRbeta,5.090,,1,0,,exact,COc1cc(C(=O)N2CCC(O)C(C)C2)cc2nc(NC3(c4cccc(Cl)c4)CCC3)oc12
CHEMBL163228,THRbeta,6.620,,1,0,Active,exact,N[C@@H](Cc1cc(Br)c(Oc2ccc(O)c(Cc3ccc(O)nn3)c2)c(Br)c1)C(=O)O
CHEMBL2348899,THRbeta,,4.222,0,1,Inactive,censored,CS(=O)(=O)c1ccc(C(=O)NCCC(=O)N2CCCCC2)cc1[N+](=O)[O-]
CHEMBL125317,THRbeta,9.285,,2,0,Active,exact,O=c1cnn(-c2cc(Cl)c(Oc3ccc(O)c(S(=O)(=O)N4C5CCC4CC4(C5)OCCO4)c3)c(Cl)c2)c(=O)[nH]1
CHEMBL4782668,THRbeta,7.450,,2,0,Active,exact,CC(C)c1cc(Oc2c(Cl)cc(NC(=O)c3noc(=O)[nH]3)cc2Cl)nn(C)c1=O
CHEMBL555065,THRbeta,5.300,,1,0,,exact,CCCCCCOc1cc(Cl)c(C(=O)CCN2CC2C)cc1Cl
CHEMBL551184,THRbeta,5.160,,1,0,,exact,CCCCCCOc1ccc(C(=O)CCN(C)C)cc1OC
CHEMBL193851,THRbeta,5.670,,1,0,,exact,O=C(O)Cc1cc(Cl)c(Oc2ccc(O)cc2)c(Cl)c1
CHEMBL557905,THRbeta,5.620,,1,0,,exact,CCCCCCOc1ccc(C(=O)CCN(C)C)c(S(C)(=O)=O)c1
CHEMBL5809850,THRbeta,6.940,,1,0,Active,exact,Cc1c(NC(=O)c2noc(=O)[nH]2)cc(Cl)c(Oc2cc(C(C)C)c(=O)n(C)n2)c1Cl
CHEMBL192426,THRbeta,6.090,,3,0,Active,exact,CCC(CC)COc1c(Br)cc(CCC(=O)O)cc1Br
CHEMBL2348895,THRbeta,,4.222,0,1,Inactive,censored,Cc1ccc(N2CCN(C(=O)CCNC(=O)c3ccc(S(C)(=O)=O)c([N+](=O)[O-])c3)CC2)cc1
CHEMBL2203702,THRbeta,9.330,,1,0,Active,exact,O=C(O)Cc1cc(Cl)c(Oc2ccc(O)c(C(=O)NCC(c3ccccc3)c3ccccc3)c2)c(Cl)c1
CHEMBL5267199,THRbeta,8.050,,1,0,Active,exact,CC(C)n1c(=O)ccc2c1ccn2-c1c(Cl)cc(-c2nn(C)c(=O)[nH]c2=O)cc1Cl
CHEMBL2349052,THRbeta,,4.222,0,1,Inactive,censored,CS(=O)(=O)c1ccc(C(=O)N2CCC(C(=O)N3CCN(c4ccccc4F)CC3)CC2)cc1[N+](=O)[O-]
CHEMBL5761414,THRbeta,9.060,,1,0,Active,exact,CC(C)c1cc(Cc2c(Br)cc(OCC(=O)O)cc2Br)ccc1O
CHEMBL555749,THRbeta,5.770,,1,0,,exact,CCCCCCOc1ccc2c(c1)CC(CN(C)C)C2=O
CHEMBL5284123,THRbeta,7.400,,1,0,Active,exact,N#Cc1nn(-c2cc(Cl)c(-n3ccc4c3ccc(=O)n4C3CCCC3)c(Cl)c2)c(=O)[nH]c1=O
CHEMBL2349043,THRbeta,,4.222,0,1,Inactive,censored,CS(=O)(=O)c1ccc(C(=O)N2CCC(C(=O)N(Cc3ccccc3)c3ccccc3)CC2)cc1[N+](=O)[O-]
CHEMBL561850,THRbeta,5.020,,1,0,,exact,CCCCCCCc1ccc(C(=O)CCN(C)C)cc1
CHEMBL122583,THRbeta,7.150,,1,0,Active,exact,CCc1cccc(-c2nn3c(c2-c2ccnc4ccccc24)CCC3)n1
CHEMBL458784,THRbeta,7.380,,1,0,Active,exact,Cc1cc(SCP(=O)(O)O)cc(C)c1Oc1ccc(O)c(C(C)C)c1
CHEMBL559521,THRbeta,5.440,,1,0,,exact,CCCCCCSc1ccc(C(=O)CCN2CC2C)c(Cl)c1Cl
CHEMBL561573,THRbeta,5.640,,1,0,,exact,CCCCCCS(=O)(=O)c1ccc(C(=O)CCN2CC2C)c(Cl)c1
CHEMBL4759022,THRbeta,6.100,,1,0,Active,exact,COc1cc(C(=O)N2CCC(O)C(C)C2)cc2nc(NC(c3cccc(Cl)c3)C(F)(F)F)oc12
CHEMBL563368,THRbeta,5.420,,1,0,,exact,CCCCCCOc1ccc(C(=O)CCN2CCN(c3ccccc3)CC2)cc1
CHEMBL3397342,THRbeta,9.520,,1,0,Active,exact,Cc1cn(Cc2ccc(O)c(C(C)(C)C)c2)c2ccc(OCC(=O)O)cc12
CHEMBL398107,THRbeta,,4.000,0,1,Inactive,censored,C/C=C/C(=O)Nc1ccc(CCCCCC)cc1
CHEMBL560148,THRbeta,,4.301,0,1,Inactive,censored,CCCCCCOc1cc(C)ccc1C(=O)CCN(C)C
CHEMBL235383,THRbeta,8.120,,2,0,Active,exact,O=C(O)Cc1cc(Br)c(Oc2ccc(O)c(Oc3ccccc3C(F)(F)F)c2)c(Br)c1
CHEMBL2348925,THRbeta,,4.222,0,1,Inactive,censored,CN(CC(=O)N1CCc2ccccc2C1)C(=O)c1ccc(S(C)(=O)=O)c([N+](=O)[O-])c1
CHEMBL5269031,THRbeta,6.680,,1,0,Active,exact,CC(C)n1c(=O)ccc2c1ccn2-c1c(Cl)cc(NC(=O)CC(=O)O)cc1Cl
CHEMBL2035882,THRbeta,7.820,,1,0,Active,exact,Cc1cc(C(=O)NCC(=O)O)c2c(c1Oc1ccc(O)c(C(C)C)c1)CCC2
CHEMBL4783934,THRbeta,8.100,,1,0,Active,exact,COc1cc(C(=O)N2CC(C)C(O)CC2C2CC2)cc2nc(NCc3cccc(Cl)c3)oc12
CHEMBL5768609,THRbeta,6.130,,1,0,Active,exact,CC(C)c1cc(Oc2c(Cl)cc(N[C@H](C)c3noc(=O)[nH]3)cc2Cl)nn(C)c1=O
CHEMBL235491,THRbeta,4.460,,1,0,Inactive,exact,C#CC(=O)Nc1ccc(CCCCCC)cc1
CHEMBL2348921,THRbeta,,4.222,0,1,Inactive,censored,CS(=O)(=O)c1ccc(C(=O)NCCCC(=O)N2CCc3ccccc32)cc1[N+](=O)[O-]
CHEMBL560569,THRbeta,6.050,,1,0,Active,exact,CCCCCCSc1ccc(C(=O)CCN2CCN(C(C)=O)CC2)c(Cl)c1Cl
CHEMBL562250,THRbeta,4.660,,1,0,Inactive,exact,CCCCCCOc1ccc(C(=O)CCN2CC2C)cc1
CHEMBL442082,THRbeta,7.680,,2,0,Active,exact,O=C(O)Cc1cc(Cl)c(Oc2ccc(O)c(-c3cccc(-c4ccccc4)c3)c2)c(Cl)c1
CHEMBL562445,THRbeta,5.700,,1,0,,exact,CCCCCCOc1cc(Cl)c(C(=O)CCN2CCNC(=O)C2)cc1Cl
CHEMBL105983,THRbeta,8.210,,1,0,Active,exact,Cc1cc(C[C@H](N)C(=O)O)cc(C)c1Oc1ccc(O)c(C(C)C)c1
CHEMBL235835,THRbeta,8.460,,1,0,Active,exact,O=C(O)Cc1cc(Cl)c(Oc2ccc(O)c(C(=O)NCCc3ccccc3)c2)c(Cl)c1
CHEMBL250104,THRbeta,7.220,,1,0,Active,exact,O=C(O)CCc1cc(Br)c(OCc2cccc(Br)c2)c(Br)c1
CHEMBL4763516,THRbeta,6.450,,1,0,Active,exact,COc1cc(C(=O)N2CCC(O)CC2)cc2nc(NCc3cccc(Cl)c3)oc12
CHEMBL3261327,THRbeta,6.220,,1,0,Active,exact,CC(C)c1cc(Cc2c(Br)cc(CC(=O)O)cc2Br)n[nH]c1=O
CHEMBL5597744,THRbeta,,4.301,0,1,Inactive,censored,CC(C)c1cc(Oc2c(Cl)cc(-n3nc(Cn4ccnc4)c(=O)[nH]c3=O)cc2Cl)n[nH]c1=O
CHEMBL263631,THRbeta,7.500,,3,0,Active,exact,CC(C)c1cc(Oc2c(Br)cc(CC3NC(=O)NC3=O)cc2Br)ccc1O
CHEMBL237820,THRbeta,,4.000,0,1,Inactive,censored,C/C=C(\C)C(=O)c1ccc(CCCCCCC)cc1
CHEMBL4793674,THRbeta,6.770,,1,0,Active,exact,COc1cc(C(=O)N2CCC(O)C(C)C2)cc2nc(NCc3cc(Cl)ccc3O)oc12
CHEMBL4210210,THRbeta,5.120,,1,0,,exact,COC(=O)Cc1ccc(OCc2oc(-c3ccccc3OC)nc2C)cc1
CHEMBL98135,THRbeta,5.440,,1,0,,exact,Cc1cc(OCC(=O)O)cc(C)c1C(CCCO)c1ccc(O)c(C(C)C)c1
CHEMBL121795,THRbeta,6.980,,1,0,Active,exact,c1ccc(-c2nn3c(c2-c2ccnc4ccccc24)CCC3)nc1
CHEMBL252717,THRbeta,6.720,,1,0,Active,exact,O=C(O)CCc1cc(Br)c(OC2CCCCC2)c(Br)c1
CHEMBL120587,THRbeta,7.060,,1,0,Active,exact,CCOc1ccc2c(-c3c(-c4cccc(C)n4)nn4c3CCC4)ccnc2c1
CHEMBL126693,THRbeta,9.775,,2,0,Active,exact,O=c1cnn(-c2cc(Cl)c(Oc3ccc(O)c(S(=O)(=O)Nc4ccccc4)c3)c(Cl)c2)c(=O)[nH]1
CHEMBL4209440,THRbeta,6.010,,1,0,Active,exact,COC(=O)Cc1ccc(OCc2oc(-c3cccc(OC)c3)nc2C)cc1
CHEMBL253123,THRbeta,6.110,,1,0,Active,exact,O=C(O)Cc1cc(Br)c(OC2CCCCC2)c(Br)c1
CHEMBL3397334,THRbeta,8.950,,1,0,Active,exact,Cc1cc2cc(OCC(=O)O)ccc2n1Cc1ccc(O)c(C(C)C)c1
CHEMBL552105,THRbeta,5.290,,1,0,,exact,CCCCCCOc1ccc(C(=O)CCN(C)C)cc1SC
CHEMBL236864,THRbeta,7.060,,2,0,Active,exact,O=C(O)Cc1cc(Cl)c(Oc2ccc(O)c(-c3ccc(O)cc3)c2)c(Cl)c1
CHEMBL6064160,THRbeta,6.330,,1,0,Active,exact,CC(CO)c1cc(Oc2c(Cl)cc(NC(=O)c3noc(=O)[nH]3)cc2Cl)n[nH]c1=O
CHEMBL236648,THRbeta,7.300,,2,0,Active,exact,O=C(O)Cc1cc(Cl)c(Oc2ccc(O)c(-c3ccccc3O)c2)c(Cl)c1
CHEMBL237035,THRbeta,4.980,,1,0,Inactive,exact,C=CC(=O)c1ccc(CCCCCCC)cc1
CHEMBL5193673,THRbeta,7.870,,1,0,Active,exact,COc1nc(C(=O)NCC(=O)O)c(O)c2ccc(Oc3ccc(Cc4ccccc4)cc3)cc12
CHEMBL250880,THRbeta,6.940,,2,0,Active,exact,CC(C)c1cc(Oc2c(Cl)cc3[nH]c(C(=O)O)cc(=O)c3c2Cl)ccc1O
CHEMBL561245,THRbeta,5.390,,1,0,,exact,CCCCCCOc1ccc(C(=O)CCN2CCOCC2)cc1
CHEMBL391512,THRbeta,9.150,,1,0,Active,exact,CC(C)c1cc(Oc2c(Br)cc(CC(=O)N[C@@H](C(=O)O)C(C)C)cc2Br)ccc1O
CHEMBL560510,THRbeta,5.310,,1,0,,exact,CCCCCCS(=O)(=O)c1ccc(C(=O)CCN(C)C)cc1
CHEMBL5286386,THRbeta,,5.301,0,1,,censored,CC(C)(O)c1ccc(NC(=O)c2cc(C(=O)NCc3ccc(F)c(F)c3)c(F)cc2Cl)cc1
CHEMBL194242,THRbeta,9.520,,1,0,Active,exact,O=C(O)CC(=O)Nc1cc(Cl)c(-c2cccc3c(Br)c(O)ccc23)c(Cl)c1
CHEMBL2349053,THRbeta,,4.222,0,1,Inactive,censored,CS(=O)(=O)c1ccc(C(=O)N2CCC(C(=O)N3CCN(c4ccc(F)cc4)CC3)CC2)cc1[N+](=O)[O-]
CHEMBL553624,THRbeta,5.190,,1,0,,exact,CCCCCCOc1cc(C)c(C(=O)CCN2CC2C)c(C)c1
CHEMBL198367,THRbeta,9.520,,1,0,Active,exact,O=C(O)C(=O)Nc1cc(Cl)c(-c2cccc3c(Br)c(O)ccc23)c(Cl)c1
CHEMBL5205719,THRbeta,6.250,,1,0,Active,exact,COc1nc(C(=O)NCC(=O)O)c(O)c2ccc(Oc3c(C)cc(C(=O)c4cc(C)cc(C)c4)cc3C)cc12
CHEMBL332344,THRbeta,7.320,,1,0,Active,exact,Cc1cccc(-c2nn3c(c2-c2ccnc4cc(Cl)ccc24)CCC3)n1
CHEMBL236080,THRbeta,8.570,,1,0,Active,exact,CC(C)c1cc(Oc2c(Br)cc(CC(=O)NCC(=O)O)cc2Br)ccc1O
CHEMBL570306,THRbeta,6.050,,1,0,Active,exact,CCCCCCSc1cc(C)c(C(=O)CCN2CCN(C(C)=O)CC2)c(C)c1
CHEMBL3109600,THRbeta,4.620,,1,0,Inactive,exact,Cc1ccc2c(C(Nc3ccc(OC(F)(F)F)cc3)c3ccccc3Cl)c(C)[nH]c2c1
CHEMBL237822,THRbeta,4.000,,1,0,Inactive,exact,C=CC(=O)c1ccc(CCC)cc1
CHEMBL561569,THRbeta,5.680,,1,0,,exact,CCCCCCS(=O)(=O)c1cc(Cl)c(C(=O)CCN(C)C)cc1Cl
CHEMBL217298,THRbeta,6.720,,1,0,Active,exact,O=C(O)CCc1ccccc1OCC1C(Br)CCCC1Br
CHEMBL2348926,THRbeta,,4.222,0,1,Inactive,censored,CCCN(C(=O)CN(C)C(=O)c1ccc(S(C)(=O)=O)c([N+](=O)[O-])c1)c1ccccc1
CHEMBL1485557,THRbeta,4.240,,1,0,Inactive,exact,Nc1c([N+](=O)[O-])ccc(Oc2ccccc2)c1Cl
CHEMBL5172845,THRbeta,8.600,,1,0,Active,exact,CCOc1nc(C(=O)NCC(=O)O)c(O)c2ccc(Oc3ccccc3)cc12
CHEMBL500875,THRbeta,6.570,,1,0,Active,exact,NC(Cc1cc(I)c(Oc2ccc(O)c(I)c2)c(I)c1)P(=O)(O)O
CHEMBL407819,THRbeta,5.700,,1,2,,exact,O=C1NC(=O)C(Cc2cc(I)c(Oc3ccc(O)cc3)c(I)c2)N1
CHEMBL560108,THRbeta,6.220,,1,0,Active,exact,CCCCCCS(=O)(=O)c1cc(Cl)c(C(=O)CCN2CCNC(=O)C2)cc1Cl
CHEMBL5274251,THRbeta,7.700,,1,0,Active,exact,CCn1c(=O)ccc2c1ccn2-c1c(Cl)cc(-n2nc(C#N)c(=O)[nH]c2=O)cc1Cl
CHEMBL560512,THRbeta,4.850,,1,0,Inactive,exact,CCCCCCOc1ccc(C(=O)CCN(C)C)cc1-c1ccccc1
CHEMBL553190,THRbeta,5.230,,1,0,,exact,CCCCCCSc1ccc(C(=O)CCN(C)C)cc1
CHEMBL196613,THRbeta,7.540,,1,0,Active,exact,O=C(O)Nc1cc(Cl)c(-c2cccc3c(-c4ccccc4)c(O)ccc23)c(Cl)c1
CHEMBL4202476,THRbeta,5.010,,1,0,,exact,COC(=O)c1cccc(OCc2oc(-c3ccccc3OC)nc2C)c1
CHEMBL5188839,THRbeta,8.000,,1,0,Active,exact,COc1nc(C(=O)NCC(=O)O)c(O)c2ccc(Oc3c(C)cc(Cc4ccccc4)cc3C)cc12
CHEMBL260482,THRbeta,7.000,,3,0,Active,exact,O=C1NC(=O)C(Cc2cc(I)c(Oc3ccc(O)c(C4CC4)c3)c(I)c2)N1
CHEMBL550090,THRbeta,6.050,,1,0,Active,exact,CCCCCCS(=O)(=O)c1cc(C)c(C(=O)CCN2CCOCC2)c(C)c1
CHEMBL122414,THRbeta,5.580,,1,0,,exact,OCc1cccc(-c2nn3c(c2-c2ccc(F)cc2)CCC3)n1
CHEMBL486158,THRbeta,6.890,,1,0,Active,exact,Cc1cc(CP(=O)(O)O)cc(C)c1Oc1ccc(O)c(C(C)C)c1
CHEMBL396086,THRbeta,5.380,,1,0,,exact,CCCCCCc1ccc(C(=O)CCN(CCCC)CCCC)cc1
CHEMBL5204264,THRbeta,6.820,,1,0,Active,exact,CCOc1nc(C(=O)NCC(=O)O)c(O)c2ccc(Oc3c(C)cc(C(=O)c4cc(C)cc(C)c4)cc3C)cc12
CHEMBL333798,THRbeta,6.060,,1,0,Active,exact,Fc1ccc(-c2c(-c3cccc(C(F)(F)F)n3)nn3c2CCC3)cc1
CHEMBL4784974,THRbeta,5.000,,1,0,,exact,COc1ccc(Oc2c(Cl)cc(NC(=O)Cc3cccnc3)cc2Cl)cc1C(C)C
CHEMBL551791,THRbeta,5.850,,1,0,,exact,CCCCCCOc1ccc(C(=O)CCN(C)C)c(Br)c1
CHEMBL195079,THRbeta,7.890,,1,0,Active,exact,O=C(O)Cc1cc(Cl)c(-c2cccc3c(Br)c(O)ccc23)c(Cl)c1
CHEMBL3261319,THRbeta,5.150,,1,0,,exact,Cc1cc(CC(=O)O)cc(Cl)c1Oc1cc(C(C)C)c(=O)[nH]n1
CHEMBL3261333,THRbeta,7.400,,1,0,Active,exact,CC(C)c1cc(Oc2c(Cl)cc(-n3nc(C#N)c(=O)[nH]c3=O)cc2Cl)nn(C)c1=O
CHEMBL4744424,THRbeta,7.330,,1,0,Active,exact,COc1cc(C(=O)N2CCCC2(C)C)cc2nc(NCc3cccc(Cl)c3)oc12
CHEMBL289343,THRbeta,10.600,,3,0,Active,exact,CC(C)c1cc(Oc2c(Br)cc(CCC(=O)O)cc2Br)ccc1O
CHEMBL6034437,THRbeta,6.540,,1,0,Active,exact,CC(C)c1cc(Oc2c(Cl)cc(-c3noc(=O)[nH]3)cc2Cl)n[nH]c1=O
CHEMBL551975,THRbeta,5.700,,1,0,,exact,CCCCCCSc1ccc(C(=O)CCN2CCNC(=O)C2)c(Cl)c1
CHEMBL4753159,THRbeta,6.980,,1,0,Active,exact,CCCN(CC1CCOC1)C(=O)c1cc(CC)c2oc(NCc3cccc(Cl)c3)nc2c1
CHEMBL2349037,THRbeta,,4.222,0,1,Inactive,censored,CC1CCN(C(=O)CN(C)C(=O)c2ccc(S(C)(=O)=O)c([N+](=O)[O-])c2)CC1
CHEMBL4780902,THRbeta,7.890,,1,0,Active,exact,CCC1CC(O)C(C)CN1C(=O)c1cc(OC)c2oc(NCc3cccc(Cl)c3)nc2c1
CHEMBL192346,THRbeta,4.495,,2,0,Inactive,exact,CCOc1c(Br)cc(CC(=O)O)cc1Br
CHEMBL541227,THRbeta,,4.301,0,1,Inactive,censored,CCCCCCOc1ccc(C(=O)CCN(C)c2ccccc2)cc1
CHEMBL551976,THRbeta,5.770,,1,0,,exact,CCCCCCSc1ccc(C(=O)CCN2CCN(S(=O)(=O)CC)CC2)c(Cl)c1
CHEMBL411185,THRbeta,,5.648,0,1,,censored,C#C[C@]1(O)CC[C@H]2[C@@H]3CCC4=CC(=O)CCC4=C3[C@@H](c3ccc(N(C)C(=O)CNC(=O)OC4CC[C@@]5(C)[C@@H](C4)C[C@@H](O)[C@@H]4[C@@H]5C[C@H](O)[C@]5(C)[C@@H]([C@H](C)CCC(=O)O)CC[C@@H]45)cc3)C[C@@]21C
CHEMBL5172205,THRbeta,8.300,,1,0,Active,exact,COc1nc(C(=O)NCC(=O)O)c(O)c2ccc(Oc3ccccc3)cc12
CHEMBL3126370,THRbeta,6.260,,3,0,Active,exact,CC(C)c1cc(Cn2ccc3c(NC(=O)C(=O)O)cccc32)ccc1O
CHEMBL250103,THRbeta,6.720,,1,0,Active,exact,O=C(O)CCc1cc(Br)c(OCc2cccc(Cl)c2)c(Br)c1
CHEMBL2349039,THRbeta,,4.222,0,1,Inactive,censored,CN(CC(=O)N1Cc2ccccc2C1)C(=O)c1ccc(S(C)(=O)=O)c([N+](=O)[O-])c1
CHEMBL5633111,THRbeta,,5.000,0,1,,censored,CC(C)CN(c1ccc(-c2ccc(OCC(=O)O)c(F)c2)cc1)S(=O)(=O)c1c(Cl)cccc1Cl
CHEMBL550759,THRbeta,4.950,,1,0,Inactive,exact,CCCCCCSc1cc(C)c(C(=O)CCN2CCNC(=O)C2)c(C)c1
CHEMBL549748,THRbeta,7.700,,1,0,Active,exact,O=C(O)Cc1cc(I)c(Oc2cc(I)c(O)c(I)c2)c(I)c1
CHEMBL236131,THRbeta,5.700,,1,0,,exact,CCCCCCc1ccc(C(=O)CCN(C(C)C)C(C)C)cc1
CHEMBL563175,THRbeta,6.100,,1,0,Active,exact,CCCCCCS(=O)(=O)c1cc(Cl)c(C(=O)CCN2CCN(C(C)=O)CC2)cc1Cl
CHEMBL5597482,THRbeta,7.250,,2,0,Active,exact,CC(C)c1cc(Oc2c(Cl)cc(-n3nc(N)c(=O)[nH]c3=O)cc2Cl)n[nH]c1=O
CHEMBL235384,THRbeta,8.960,,2,0,Active,exact,O=C(O)Cc1cc(Br)c(Oc2ccc(O)c(Oc3cccc(C(F)(F)F)c3)c2)c(Br)c1
CHEMBL2348919,THRbeta,,4.222,0,1,Inactive,censored,CS(=O)(=O)c1ccc(C(=O)NCCCC(=O)N2CCCCC2)cc1[N+](=O)[O-]
CHEMBL572341,THRbeta,5.770,,1,0,,exact,CCCCCCS(=O)(=O)c1cc(Cl)c(C(=O)CCN2CC2C)cc1Cl
CHEMBL5919579,THRbeta,7.405,,2,0,Active,exact,CC(C)c1cc(Oc2c(Cl)cc(NC(=O)c3noc(=O)[nH]3)c(F)c2Cl)nn(C)c1=O
CHEMBL561051,THRbeta,6.160,,1,0,Active,exact,CCCCCCSc1cc(Cl)c(C(=O)CCN2CCN(S(=O)(=O)CC)CC2)cc1Cl
CHEMBL2349035,THRbeta,,4.222,0,1,Inactive,censored,CN(CC(=O)N1CCN(c2ccc(C(F)(F)F)cc2)CC1)C(=O)c1ccc(S(C)(=O)=O)c([N+](=O)[O-])c1
CHEMBL561052,THRbeta,5.770,,1,0,,exact,CCCCCCSc1cc(Cl)c(C(=O)CCN(C)C)c(Cl)c1
CHEMBL4785385,THRbeta,6.750,,1,0,Active,exact,COc1cc(C(=O)N2CCCC2)cc2nc(NCc3cccc(Cl)c3)oc12
CHEMBL557906,THRbeta,5.960,,1,0,,exact,CCCCCCSc1cc(Cl)c(C(=O)CCN2CCOCC2)c(Cl)c1
CHEMBL249895,THRbeta,6.920,,1,0,Active,exact,Cc1cccc(COc2c(Br)cc(CCC(=O)O)cc2Br)c1
CHEMBL560114,THRbeta,5.750,,1,0,,exact,CCCCCCOc1cc(C(C)C)c(C(=O)CCN(C)C)cc1C
CHEMBL572342,THRbeta,5.280,,1,0,,exact,CCCCCCSc1cc(C)c(C(=O)CCN2CC2C)c(C)c1
CHEMBL2312266,THRbeta,6.360,,1,0,Active,exact,Cc1cc(NC(=O)CC(=O)O)c2c(c1Oc1ccc(O)c(C(=O)Cc3ccccc3)c1)CCC2
CHEMBL5997928,THRbeta,8.910,,1,0,Active,exact,CC(C)c1cc(Cc2c(Cl)cc(OCC(=O)O)cc2Cl)ccc1O
CHEMBL5743989,THRbeta,6.730,,1,0,Active,exact,CC(C)c1cc(Oc2c(Cl)cc(NC(=O)c3noc(=O)[nH]3)c3c2CCC3)nn(C)c1=O
CHEMBL556270,THRbeta,5.920,,1,0,,exact,CCCCCCOc1ccc(C(=O)CCN2CCN(S(=O)(=O)CC)CC2)c(Cl)c1Cl
CHEMBL2035875,THRbeta,8.000,,1,0,Active,exact,Cc1cc(NC(=O)CC(=O)O)cc(C)c1Oc1ccc(O)c(C(C)C)c1
CHEMBL559718,THRbeta,6.220,,1,0,Active,exact,CCCCCCSc1cc(Cl)c(C(=O)CCN2CCNC(=O)C2)cc1Cl
CHEMBL2346688,THRbeta,,4.222,0,1,Inactive,censored,CN1CCN(C(=O)C2CCN(C(=O)c3ccc(S(C)(=O)=O)c([N+](=O)[O-])c3)CC2)CC1
CHEMBL4759495,THRbeta,6.630,,1,0,Active,exact,CC(O)c1cc(Oc2c(Cl)cc(NC(=O)c3noc(=O)[nH]3)cc2Cl)n[nH]c1=O
CHEMBL235788,THRbeta,8.540,,3,0,Active,exact,O=C(O)Cc1cc(Cl)c(Oc2ccc(O)c(-c3ccccc3)c2)c(Cl)c1
CHEMBL2349030,THRbeta,,4.222,0,1,Inactive,censored,CN(CC(=O)N1CCC(c2ccccc2)CC1)C(=O)c1ccc(S(C)(=O)=O)c([N+](=O)[O-])c1
CHEMBL594047,THRbeta,9.300,,1,0,Active,exact,Cc1cc(NC(=O)CC(=O)O)cc(Cl)c1Oc1ccc(O)c(S(=O)(=O)CC2CCC2)c1
CHEMBL2349031,THRbeta,,4.222,0,1,Inactive,censored,CN(CC(=O)N1CCN(c2ccccc2)CC1)C(=O)c1ccc(S(C)(=O)=O)c([N+](=O)[O-])c1
CHEMBL381937,THRbeta,8.370,,2,0,Active,exact,CCC(C)C(=O)Nc1ccc(Oc2c(Cl)cc(CC(=O)O)cc2Cl)cc1Br
CHEMBL4763593,THRbeta,9.150,,1,0,Active,exact,COc1cc(C(=O)N2C[C@H](C)OC[C@@H]2CCO)cc2nc(N[C@H](CF)c3cccc(Cl)c3)oc12
CHEMBL3261321,THRbeta,6.340,,1,0,Active,exact,CC(C)c1cc(Oc2c(Br)cc(CC(=O)O)cc2Br)n[nH]c1=O
CHEMBL419016,THRbeta,9.440,,1,0,Active,exact,Cc1cc(OCC(=O)O)cc(C)c1Oc1ccc(O)c(C(C)C)c1
CHEMBL110335,THRbeta,8.900,,1,0,Active,exact,Cc1cc(C[C@H](N)C(=O)O)cc(C)c1Cc1ccc(O)c(C(C)C)c1
CHEMBL538150,THRbeta,,4.301,0,1,Inactive,censored,CCCCCCOc1ccc2cc(C(=O)CCN(C)C)ccc2c1
CHEMBL2348881,THRbeta,,4.222,0,1,Inactive,censored,CS(=O)(=O)c1ccc(C(=O)NCC(=O)N2CCCCC2)cc1[N+](=O)[O-]
CHEMBL563871,THRbeta,6.100,,1,0,Active,exact,CCCCCCOc1cc(Cl)c(C(=O)CCN2CCN(S(=O)(=O)CC)CC2)c(Cl)c1
CHEMBL2312269,THRbeta,8.220,,1,0,Active,exact,Cc1cc(NC(=O)CC(=O)O)c2c(c1Oc1ccc(O)c(CCc3ccc(F)c(F)c3)c1)CCC2
CHEMBL4761137,THRbeta,9.570,,1,0,Active,exact,COc1cc(C(=O)N2CC(C)C(O)CC2CCO)cc2nc(NCc3cccc(Cl)c3)oc12
CHEMBL549685,THRbeta,,4.301,0,1,Inactive,censored,CCCCCCOc1ccc(C(=O)CCN(C)C)cc1Cc1ccccc1
CHEMBL3261324,THRbeta,6.170,,1,0,Active,exact,CC(C)c1cc(Oc2c(Cl)cc(NCC(=O)O)cc2Cl)n[nH]c1=O
CHEMBL551779,THRbeta,5.700,,1,0,,exact,CCCCCCOc1ccc(C(=O)CCN2CCN(S(=O)(=O)CC)CC2)c(Cl)c1
CHEMBL4163070,THRbeta,7.900,,1,0,Active,exact,O=C(O)CNC(=O)c1nc(Cl)c2cc(Oc3ccccc3)ccc2c1O
CHEMBL5420532,THRbeta,,5.000,0,1,,censored,O=C(O)Cc1ccc(-c2ccc(OCc3c(-c4c(Cl)cccc4Cl)noc3C3CC3)cc2)cc1
CHEMBL195556,THRbeta,6.440,,4,0,Active,exact,CCCCCCOc1c(Br)cc(CCC(=O)O)cc1Br
CHEMBL2035879,THRbeta,8.920,,1,0,Active,exact,CC(C)c1cc(Oc2c(Br)cc(NC(=O)CC(=O)O)c3c2CCC3)ccc1O
CHEMBL552392,THRbeta,5.640,,1,0,,exact,CCCCCCOc1ccc2c(c1)CCC(CN(C)C)C2=O
CHEMBL159682,THRbeta,8.660,,1,0,Active,exact,CCOC(=O)C(=O)Nc1cc(C)c(Oc2ccc(O)c(C(O)c3ccc(F)cc3)c2)c(C)c1
CHEMBL2348914,THRbeta,,4.222,0,1,Inactive,censored,CS(=O)(=O)c1ccc(C(=O)NCCCC(=O)N2CCN(c3ccccc3)CC2)cc1[N+](=O)[O-]
CHEMBL3261334,THRbeta,6.850,,1,0,Active,exact,CC(C)c1cc(Cc2c(Cl)cc(-n3nc(C#N)c(=O)[nH]c3=O)cc2Cl)nn(C)c1=O
CHEMBL4638870,THRbeta,6.420,,1,0,Active,exact,N[C@@H](Cc1cc(Br)c(Oc2cc(I)c(O)c(I)c2)c(I)c1)C(=O)O
CHEMBL3397347,THRbeta,8.100,,1,0,Active,exact,Cc1cn(Cc2ccc(O)c(C3CCCCC3)c2)c2ccc(OCC(=O)O)cc12
CHEMBL552158,THRbeta,5.330,,1,0,,exact,CCCCCCOc1ccc(C(=O)CCN(C)C)cc1F
CHEMBL552106,THRbeta,4.980,,1,0,Inactive,exact,CCCCCCOc1ccc(C(=O)CCN(C)C)c(SC)c1
CHEMBL560568,THRbeta,5.890,,1,0,,exact,CCCCCCSc1ccc(C(=O)CCN(C)C)c(Cl)c1Cl
CHEMBL551185,THRbeta,4.600,,1,0,Inactive,exact,CCCCCCOc1ccc(C(=O)CCN(C)C)c(OC)c1
CHEMBL551778,THRbeta,5.920,,1,0,,exact,CCCCCCOc1ccc(C(=O)CCN2CCN(C(C)=O)CC2)c(Cl)c1
CHEMBL559716,THRbeta,5.580,,1,0,,exact,CCCCCCOc1ccc(C(=O)CCN(C)C)cc1Br
CHEMBL551777,THRbeta,5.750,,1,0,,exact,CCCCCCOc1ccc(C(=O)CCN2CCOCC2)c(Cl)c1
CHEMBL561570,THRbeta,6.050,,1,0,Active,exact,CCCCCCS(=O)(=O)c1cc(Cl)c(C(=O)CCN2CCOCC2)cc1Cl
CHEMBL2312264,THRbeta,8.090,,1,0,Active,exact,Cc1cc(NC(=O)CC(=O)O)c2c(c1Oc1ccc(O)c(CCc3ccc(F)cc3)c1)CCC2
CHEMBL519215,THRbeta,7.500,,1,0,Active,exact,Cc1cc(CCP(=O)(O)O)cc(C)c1Cc1ccc(O)c(C(C)C)c1
CHEMBL4750567,THRbeta,7.210,,1,0,Active,exact,CCn1cccc(-c2ccc(N3C[C@H](CNC(=O)c4ccc(Cl)s4)OC3=O)cc2OC)c1=O
CHEMBL235608,THRbeta,7.455,,2,0,Active,exact,O=C(O)Cc1cc(Br)c(Oc2ccc(O)c(C(=O)Nc3ccccc3)c2)c(Br)c1
CHEMBL2348882,THRbeta,4.420,,1,0,Inactive,exact,CC1CCN(C(=O)CNC(=O)c2ccc(S(C)(=O)=O)c([N+](=O)[O-])c2)CC1
CHEMBL551385,THRbeta,6.160,,1,0,Active,exact,CCCCCCSc1ccc(C(=O)CCN2CCN(S(=O)(=O)CC)CC2)c(Cl)c1Cl
CHEMBL236436,THRbeta,9.110,,2,0,Active,exact,O=C(O)Cc1cc(Cl)c(Oc2ccc(O)c(-c3cccc(OC(F)F)c3)c2)c(Cl)c1
CHEMBL5271038,THRbeta,,5.301,0,1,,censored,Cc1cc(N2CCOCC2)cnc1NC(=O)c1cc(C(=O)NCc2ccc(F)c(F)c2)c(F)cc1Cl
CHEMBL4783024,THRbeta,5.330,,1,0,,exact,COc1ccc(Oc2c(Cl)cc(NC(=O)Cc3ccncc3)cc2Cl)cc1C(C)C
CHEMBL2348877,THRbeta,,4.222,0,1,Inactive,censored,CS(=O)(=O)c1ccc(C(=O)NCC(=O)N2CCN(c3ccccc3)CC2)cc1[N+](=O)[O-]
CHEMBL540471,THRbeta,5.850,,1,0,,exact,CCCCCCOc1cc(Cl)c(C(=O)CCN2CCOCC2)cc1Cl
CHEMBL552517,THRbeta,5.380,,1,0,,exact,CCCCCCSc1cc(Cl)c(C(=O)CCN2CC2C)cc1Cl
CHEMBL237096,THRbeta,9.190,,1,0,Active,exact,O=c1cnn(-c2cc(Cl)c(Oc3ccc(O)c(S(=O)(=O)N4CCc5ccccc54)c3)c(Cl)c2)c(=O)[nH]1
CHEMBL5944374,THRbeta,6.350,,1,0,Active,exact,CC[C@@H](O)c1cc(Oc2c(Cl)cc(NC(=O)c3noc(=O)[nH]3)cc2Cl)n[nH]c1=O
CHEMBL2312281,THRbeta,8.430,,1,0,Active,exact,Cc1cc(NC(=O)CC(=O)O)c2c(c1Oc1ccc(O)c(Cc3ccc(F)cc3)c1)CCC2
CHEMBL3261336,THRbeta,7.050,,1,0,Active,exact,CC(C)c1cc(Cc2c(Cl)cc(-n3ncc(=O)[nH]c3=O)cc2Cl)n[nH]c1=O
CHEMBL235177,THRbeta,8.380,,2,0,Active,exact,O=C(O)Cc1cc(Br)c(Oc2ccc(O)c(C(=O)NCC(c3ccccc3)c3ccccc3)c2)c(Br)c1
CHEMBL2349056,THRbeta,,4.222,0,1,Inactive,censored,CS(=O)(=O)c1ccc(C(=O)N2CCC(C(=O)N3CCc4ccccc43)CC2)cc1[N+](=O)[O-]
CHEMBL237721,THRbeta,6.860,,2,0,Active,exact,O=C(O)Cc1cc(Cl)c(Oc2ccc(O)c(-c3ccccn3)c2)c(Cl)c1
CHEMBL550758,THRbeta,6.160,,1,0,Active,exact,CCCCCCOc1cc(Cl)c(C(=O)CCN(C)C)c(Cl)c1
CHEMBL4776500,THRbeta,7.460,,1,0,Active,exact,CCCN(CC1CCOC1)C(=O)c1cc(C)c2oc(NCc3cccc(Cl)c3)nc2c1
CHEMBL4789231,THRbeta,6.570,,1,0,Active,exact,CC(C)c1cc(C(=O)c2c(Cl)cc(NCc3noc(=O)[nH]3)cc2Cl)nn(C)c1=O
CHEMBL5277807,THRbeta,,5.921,0,1,,censored,N#Cc1nn(-c2cc(Cl)c(-n3ccc4[nH]c(=O)ccc43)c(Cl)c2)c(=O)[nH]c1=O
CHEMBL563032,THRbeta,5.920,,1,0,,exact,CCCCCCS(=O)(=O)c1cc(C)c(C(=O)CCN2CCN(C(C)=O)CC2)c(C)c1
CHEMBL2312272,THRbeta,7.400,,1,0,Active,exact,Cc1cc(NC(=O)CC(=O)O)c2c(c1Oc1ccc(O)c(CCc3ccc(Cl)cc3)c1)CCC2
CHEMBL3261335,THRbeta,6.920,,1,0,Active,exact,CC(C)c1cc(Oc2c(Cl)cc(-n3ncc(=O)[nH]c3=O)cc2Cl)n[nH]c1=O
CHEMBL4793166,THRbeta,8.030,,1,0,Active,exact,COc1cc(C(=O)N2CC(C)OCC2C2CC(O)C2)cn2nc(NCc3cccc(Cl)c3)nc12
CHEMBL5268293,THRbeta,6.700,,1,0,Active,exact,Cn1c(=O)ccc2c1ccn2-c1c(Cl)cc(-n2nc(C#N)c(=O)[nH]c2=O)cc1Cl
CHEMBL2348901,THRbeta,,4.222,0,1,Inactive,censored,CS(=O)(=O)c1ccc(C(=O)NCCC(=O)N2CCc3ccccc32)cc1[N+](=O)[O-]
CHEMBL5910739,THRbeta,,5.301,0,1,,censored,CC(C)c1cc(S(=O)(=O)c2c(Cl)cc(NC(=O)c3noc(=O)[nH]3)cc2Cl)nn(C)c1=O
CHEMBL236863,THRbeta,7.120,,2,0,Active,exact,O=C(O)Cc1cc(Cl)c(Oc2ccc(O)c(-c3cccc(O)c3)c2)c(Cl)c1
CHEMBL364368,THRbeta,,5.648,0,1,,censored,C#C[C@]1(O)CC[C@H]2[C@@H]3CCC4=CC(=O)CCC4=C3[C@@H](c3ccc(N(C)C(C)=O)cc3)C[C@@]21C
CHEMBL2348910,THRbeta,,4.222,0,1,Inactive,censored,CN(Cc1ccccc1F)C(=O)CCCNC(=O)c1ccc(S(C)(=O)=O)c([N+](=O)[O-])c1
CHEMBL394176,THRbeta,8.020,,1,0,Active,exact,O=C(O)Cc1cc(Br)c(Oc2ccc(O)c(Oc3ccc(C(F)(F)F)cc3)c2)c(Br)c1
CHEMBL236341,THRbeta,,4.000,0,1,Inactive,censored,CCCCCCc1ccc(C(=O)CF)cc1
CHEMBL3261320,THRbeta,5.620,,1,0,,exact,CC(C)c1cc(Oc2c(Cl)cc(CC(=O)O)cc2Cl)n[nH]c1=O
CHEMBL563804,THRbeta,6.100,,1,0,Active,exact,CCCCCCSc1cc(Cl)c(C(=O)CCN2CCN(C(C)=O)CC2)cc1Cl
CHEMBL120799,THRbeta,5.880,,1,0,,exact,Fc1ccc(-c2c(-c3ccccn3)nn3c2CCC3)cc1
CHEMBL235113,THRbeta,4.470,,1,0,Inactive,exact,C=CC(=O)c1ccc(CCCCC)cc1
CHEMBL391785,THRbeta,,4.000,0,1,Inactive,censored,CCCCCCc1ccc(NC(=O)CCC(=O)O)cc1
CHEMBL2348866,THRbeta,4.800,,1,0,Inactive,exact,CS(=O)(=O)c1ccc(C(=O)NCC(=O)NC23CC4CC(CC(C4)C2)C3)cc1[N+](=O)[O-]
CHEMBL4745256,THRbeta,7.850,,1,0,Active,exact,COc1cc(C(=O)N2CCOC(C)(CCO)C2)cc2nc(N[C@H](C)c3cccc(Cl)c3)oc12
CHEMBL2348870,THRbeta,4.700,,1,0,Inactive,exact,CS(=O)(=O)c1ccc(C(=O)NCC(=O)N(Cc2ccccc2)c2ccccc2)cc1[N+](=O)[O-]
CHEMBL2035874,THRbeta,9.370,,1,0,Active,exact,CC(C)c1cc(Oc2c(Br)cc(NC(=O)CC(=O)O)cc2Br)ccc1O
CHEMBL3126371,THRbeta,6.640,,3,0,Active,exact,Cc1cc2c(NC(=O)CC(=O)O)cccc2n1Cc1ccc(O)c(C(C)C)c1
CHEMBL557339,THRbeta,5.770,,1,0,,exact,CCCCCCOc1cc(Cl)c(C(=O)CCN2CCN(S(=O)(=O)CC)CC2)cc1Cl
CHEMBL395602,THRbeta,5.520,,1,0,,exact,CCCCCCc1ccc(C(=O)CCBr)cc1
CHEMBL1544,THRbeta,8.830,,23,0,Active,exact,N[C@@H](Cc1cc(I)c(Oc2ccc(O)c(I)c2)c(I)c1)C(=O)O
CHEMBL391513,THRbeta,6.540,,1,0,Active,exact,CC(C)c1cc(Oc2c(Br)cc(CC(=O)N[C@@H](CC(=O)O)C(=O)O)cc2Br)ccc1O
CHEMBL2348913,THRbeta,,4.222,0,1,Inactive,censored,CS(=O)(=O)c1ccc(C(=O)NCCCC(=O)N2CCC(c3ccccc3)CC2)cc1[N+](=O)[O-]
CHEMBL2349028,THRbeta,,4.222,0,1,Inactive,censored,CN(Cc1cccc(F)c1)C(=O)CN(C)C(=O)c1ccc(S(C)(=O)=O)c([N+](=O)[O-])c1
CHEMBL40738,THRbeta,7.680,,4,0,Active,exact,CC(C)c1cc(Oc2c(Cl)cc(C(=O)O)cc2Cl)ccc1O
CHEMBL3126368,THRbeta,5.820,,1,0,,exact,Cc1cc2cc(NC(=O)C(=O)O)ccc2n1Cc1ccc(O)c(C(C)C)c1
CHEMBL125728,THRbeta,9.665,,2,0,Active,exact,Cc1cc(-n2ncc(=O)[nH]c2=O)cc(Cl)c1Oc1ccc(O)c(S(=O)(=O)N2CCCCC2)c1
CHEMBL119936,THRbeta,6.960,,1,0,Active,exact,CCSc1ccc2c(-c3c(-c4ccccn4)nn4c3CCC4)ccnc2c1
CHEMBL119976,THRbeta,7.110,,1,0,Active,exact,Cc1cccc(-c2nn3c(c2-c2ccnc4ccccc24)CCC3)n1
CHEMBL3126372,THRbeta,5.890,,3,0,,exact,Cc1ccc(NC(=O)CC(=O)O)c2ccn(Cc3ccc(O)c(C(C)C)c3)c12
CHEMBL4756371,THRbeta,6.670,,1,0,Active,exact,CCCN(CC1CCOC1)C(=O)c1ccc2oc(NCc3cccc(Cl)c3)nc2c1
CHEMBL3261326,THRbeta,5.520,,1,0,,exact,CC(C)c1cc(Cc2c(Cl)cc(CC(=O)O)cc2Cl)n[nH]c1=O
CHEMBL2349049,THRbeta,,4.222,0,1,Inactive,censored,CC(C)N(C(=O)C1CCN(C(=O)c2ccc(S(C)(=O)=O)c([N+](=O)[O-])c2)CC1)C(C)C
CHEMBL236134,THRbeta,4.920,,1,0,Inactive,exact,CCCCCCc1ccc(C(=O)CCN(C)Cc2ccco2)cc1
CHEMBL237605,THRbeta,4.630,,1,0,Inactive,exact,C=C(C)C(=O)c1ccc(CCCCCCC)cc1
CHEMBL396873,THRbeta,4.820,,1,0,Inactive,exact,CCCCCCc1ccc(C(=O)CCNCCC)cc1
CHEMBL560310,THRbeta,,4.301,0,1,Inactive,censored,CCCN1CCN(c2ccc(C(=O)CCN(C)C)cc2)CC1
CHEMBL2348876,THRbeta,,4.222,0,1,Inactive,censored,CC(C)N(C(=O)CNC(=O)c1ccc(S(C)(=O)=O)c([N+](=O)[O-])c1)C(C)C
CHEMBL447378,THRbeta,7.060,,1,0,Active,exact,Cc1cc(OCCP(=O)(O)O)cc(C)c1Cc1ccc(O)c(C(C)C)c1
CHEMBL485758,THRbeta,8.040,,1,0,Active,exact,Cc1cc(NCP(=O)(O)O)cc(C)c1Cc1ccc(O)c(C(C)C)c1
CHEMBL4800526,THRbeta,6.360,,1,0,Active,exact,COc1cc(C(=O)N2CCOCC2)cc2nc(NCc3cccc(Cl)c3)oc12
CHEMBL193152,THRbeta,5.240,,3,0,,exact,CCCCCOc1c(Br)cc(CC(=O)O)cc1Br
CHEMBL2349055,THRbeta,,4.222,0,1,Inactive,censored,CC1CCN(C(=O)C2CCN(C(=O)c3ccc(S(C)(=O)=O)c([N+](=O)[O-])c3)CC2)CC1
CHEMBL2348891,THRbeta,,4.222,0,1,Inactive,censored,CS(=O)(=O)c1ccc(C(=O)NCCC(=O)N(Cc2ccccc2)Cc2ccccc2)cc1[N+](=O)[O-]
CHEMBL4758258,THRbeta,6.700,,1,0,Active,exact,COc1ccc(-n2cc(-c3ccccc3)nc2NC(=O)CN(C(=O)Cc2cccc(Cl)c2)C(C)C)cc1OC
CHEMBL249897,THRbeta,6.440,,1,0,Active,exact,Cc1ccc(COc2c(Br)cc(CCC(=O)O)cc2Br)cc1
CHEMBL549483,THRbeta,6.160,,1,0,Active,exact,CCCCCCOc1cc(C)c(C(=O)CCN(C)C)c(C)c1
CHEMBL442243,THRbeta,9.050,,2,0,Active,exact,O=C(O)Cc1cc(Cl)c(Oc2ccc(O)c(-c3cccc(C(F)(F)F)c3)c2)c(Cl)c1
CHEMBL562247,THRbeta,6.220,,1,0,Active,exact,CCCCCCOc1ccc(C(=O)CCN2CCN(C(C)=O)CC2)c(Cl)c1Cl
CHEMBL3397338,THRbeta,9.850,,1,0,Active,exact,Cc1cc(OCC(=O)O)cc2cc(C)n(Cc3ccc(O)c(C(C)C)c3)c12
CHEMBL235609,THRbeta,9.210,,2,0,Active,exact,O=C(O)Cc1cc(Br)c(Oc2ccc(O)c(C(=O)NCCc3ccccc3)c2)c(Br)c1
CHEMBL2349042,THRbeta,,4.222,0,1,Inactive,censored,CS(=O)(=O)c1ccc(C(=O)N2CCC(C(=O)N3CCc4ccccc4C3)CC2)cc1[N+](=O)[O-]
CHEMBL338602,THRbeta,9.430,,3,0,Active,exact,O=C(c1cc(Oc2c(Cl)cc(-n3ncc(=O)[nH]c3=O)cc2Cl)ccc1O)N1CC2CCC1C2
CHEMBL551046,THRbeta,,4.301,0,1,Inactive,censored,CCCCCCOc1ccc(C(=O)CCN2C(=O)CCC2=O)cc1
CHEMBL551962,THRbeta,5.330,,1,0,,exact,CCCCCCOc1cc(Cl)c(C(=O)CCN2CC2C)c(Cl)c1
CHEMBL4796324,THRbeta,6.240,,1,0,Active,exact,COc1cc(C(=O)N2CCC(O)C(C)C2)cc2nc(NCc3cccc(Cl)n3)oc12
CHEMBL3126377,THRbeta,6.370,,1,0,Active,exact,Cc1c(CC(=O)NCC(=O)O)c2ccccc2n1Cc1ccc(O)c(C(C)C)c1
CHEMBL5284849,THRbeta,6.700,,1,0,Active,exact,CC(C)n1c(=O)ccc2c1ccn2-c1c(Cl)cc(NC(=O)c2noc(=O)[nH]2)cc1Cl
CHEMBL236339,THRbeta,4.640,,1,0,Inactive,exact,CCCCCCc1ccc(C(=O)CCl)cc1
CHEMBL2349034,THRbeta,,4.222,0,1,Inactive,censored,CN(CC(=O)N1CCN(c2ccc(F)cc2)CC1)C(=O)c1ccc(S(C)(=O)=O)c([N+](=O)[O-])c1
CHEMBL4787137,THRbeta,8.515,,2,0,Active,exact,COc1cc(C(=O)N2CC(C)CCC2CCO)cc2nc(NCc3cccc(Cl)c3)oc12
CHEMBL109279,THRbeta,7.065,,2,0,Active,exact,Cc1cc(OCC(=O)O)cc(C)c1Cc1cc(C#Cc2ccc([N+](=O)[O-])cc2)c(O)c(C(C)C)c1
CHEMBL538961,THRbeta,5.320,,1,0,,exact,CCCCCCOc1ccc(C(=O)CCN2CCNC(=O)C2)c(Cl)c1
CHEMBL396089,THRbeta,5.120,,1,0,,exact,C/C=C/C(=O)c1ccc(CCCCCCC)cc1
CHEMBL4778737,THRbeta,7.500,,1,0,Active,exact,Cc1cc(OCC(=O)O)cc(C)c1Cc1ccc(O)cc1
CHEMBL4744989,THRbeta,5.170,,1,0,,exact,COc1ccc(Oc2c(Cl)cc(NC(=O)Cc3ccccc3)cc2Cl)cc1C(C)C
CHEMBL251456,THRbeta,9.700,,1,0,Active,exact,CCc1cccc(-c2cc(Oc3c(Cl)cc(CC(=O)O)cc3Cl)ccc2O)c1
CHEMBL4744699,THRbeta,5.160,,1,0,,exact,COc1cc(C(=O)N2CCC(O)C(C)C2)cc2nc(NCc3ccnc(Cl)c3)oc12
CHEMBL3261332,THRbeta,6.660,,1,0,Active,exact,CC(C)c1cc(Cc2c(Cl)cc(-n3nc(C#N)c(=O)[nH]c3=O)cc2Cl)n[nH]c1=O
CHEMBL5178993,THRbeta,7.220,,1,0,Active,exact,CCOc1nc(C(=O)NCC(=O)O)c(O)c2ccc(Oc3c(C)cc(C(=O)c4cccc(C)c4)cc3C)cc12
CHEMBL5596341,THRbeta,5.050,,1,0,,exact,CC(C)c1cc(Oc2c(Cl)cc(-n3nc(C(N)=O)c(=O)[nH]c3=O)cc2Cl)n[nH]c1=O
CHEMBL2348918,THRbeta,,4.222,0,1,Inactive,censored,CS(=O)(=O)c1ccc(C(=O)NCCCC(=O)N2CCN(c3ccc(C(F)(F)F)cc3)CC2)cc1[N+](=O)[O-]
CHEMBL4779404,THRbeta,7.460,,1,0,Active,exact,COc1cc(C(=O)N2CC[C@@H](O)C(C)(C)C2)cc2nc(NCc3cccc(Cl)c3)oc12
CHEMBL558889,THRbeta,4.910,,1,0,Inactive,exact,CCCCCC(=O)Nc1ccc(C(=O)CCN(C)C)cc1
CHEMBL237823,THRbeta,4.180,,1,0,Inactive,exact,C=CC(=O)c1ccc(CCCC)cc1
CHEMBL6017905,THRbeta,7.150,,1,0,Active,exact,Cc1c(NCc2noc(=O)[nH]2)cc(Cl)c(Oc2cc(C(C)C)c(=O)n(C)n2)c1Cl
CHEMBL2349045,THRbeta,,4.222,0,1,Inactive,censored,CN(Cc1ccccc1F)C(=O)C1CCN(C(=O)c2ccc(S(C)(=O)=O)c([N+](=O)[O-])c2)CC1
CHEMBL238179,THRbeta,7.170,,2,0,Active,exact,O=C(O)Cc1cc(Br)c(Oc2ccc(O)c(C(=O)NCCc3ccccn3)c2)c(Br)c1
CHEMBL4745568,THRbeta,7.165,,2,0,Active,exact,CC(C)c1cc(Oc2c(Cl)cc(NC(=O)c3noc(=O)[nH]3)cc2Cl)n[nH]c1=O
CHEMBL457527,THRbeta,8.600,,1,0,Active,exact,CC(C)c1cc(Oc2c(Br)cc(OCP(=O)(O)O)cc2Br)ccc1O
CHEMBL2349040,THRbeta,,4.222,0,1,Inactive,censored,CC1Cc2ccccc2N1C(=O)CN(C)C(=O)c1ccc(S(C)(=O)=O)c([N+](=O)[O-])c1
CHEMBL457529,THRbeta,7.590,,1,0,Active,exact,Cc1cc(OCP(=O)(O)O)cc(C)c1Oc1ccc(O)c(C(C)C)c1
CHEMBL112087,THRbeta,6.815,,2,0,Active,exact,Cc1cc(OCC(=O)O)cc(C)c1Cc1cc(-c2ccc([N+](=O)[O-])cc2)c(O)c(C(C)C)c1
CHEMBL394913,THRbeta,4.160,,1,0,Inactive,exact,CCCC(=O)Nc1cccc2c1CCCC2
CHEMBL4760241,THRbeta,8.000,,1,0,Active,exact,COc1cc(C(=O)N2CC(C)OCC2CO)cc2nc(N[C@H](C)c3cccc(Cl)c3)oc12
CHEMBL561975,THRbeta,6.000,,1,0,Active,exact,CCCCCCS(=O)(=O)c1ccc(C(=O)CCN2CCN(C(C)=O)CC2)c(Cl)c1Cl
CHEMBL2312265,THRbeta,6.910,,1,0,Active,exact,Cc1cc(NC(=O)CC(=O)O)c2c(c1Oc1ccc(O)c(C(O)Cc3ccccc3)c1)CCC2
CHEMBL3261322,THRbeta,6.160,,1,0,Active,exact,CC(C)c1cc(Oc2c(Br)cc(CCC(=O)O)cc2Br)n[nH]c1=O
CHEMBL2349027,THRbeta,,4.222,0,1,Inactive,censored,CN(Cc1ccccc1F)C(=O)CN(C)C(=O)c1ccc(S(C)(=O)=O)c([N+](=O)[O-])c1
CHEMBL570307,THRbeta,,4.301,0,1,Inactive,censored,CCCCCCOc1ccc(C(=O)C(C)CN(C)C)cc1
CHEMBL107400,THRbeta,9.490,,7,0,Active,exact,Cc1cc(OCC(=O)O)cc(C)c1Cc1ccc(O)c(C(C)C)c1
CHEMBL3264936,THRbeta,,4.161,0,1,Inactive,censored,CCn1c(CCCc2ccc(-c3ccc(NS(=O)(=O)c4ccc(-c5ccc(OC)cc5)cc4)cc3)cc2)nn(Cc2ccc(C(C)(C)C)cc2)c1=O
CHEMBL2348907,THRbeta,,4.222,0,1,Inactive,censored,CN(C(=O)CCCNC(=O)c1ccc(S(C)(=O)=O)c([N+](=O)[O-])c1)c1ccccc1
CHEMBL549557,THRbeta,5.080,,1,0,,exact,CCCCCCOc1ccc(C(=O)CCN(C)C)cc1S(C)(=O)=O
CHEMBL2348879,THRbeta,,4.222,0,1,Inactive,censored,CS(=O)(=O)c1ccc(C(=O)NCC(=O)N2CCN(c3ccc(F)cc3)CC2)cc1[N+](=O)[O-]
CHEMBL198875,THRbeta,8.740,,1,0,Active,exact,O=C(O)CCNc1cc(Cl)c(-c2cccc3c(Br)c(O)ccc23)c(Cl)c1
CHEMBL2348869,THRbeta,5.180,,1,0,,exact,CCCN(C(=O)CNC(=O)c1ccc(S(C)(=O)=O)c([N+](=O)[O-])c1)c1ccccc1
CHEMBL3126369,THRbeta,6.720,,3,0,Active,exact,Cc1ccc(NC(=O)C(=O)O)c2ccn(Cc3ccc(O)c(C(C)C)c3)c12
CHEMBL236307,THRbeta,,4.000,0,1,Inactive,censored,CCCCCCc1ccc(C(=O)CCCBr)cc1
CHEMBL2348880,THRbeta,,4.222,0,1,Inactive,censored,CS(=O)(=O)c1ccc(C(=O)NCC(=O)N2CCN(c3ccc(C(F)(F)F)cc3)CC2)cc1[N+](=O)[O-]
CHEMBL235816,THRbeta,8.170,,2,0,Active,exact,O=C(O)Cc1cc(Br)c(Oc2ccc(O)c(C(=O)NCCCc3ccccc3)c2)c(Br)c1
CHEMBL398571,THRbeta,7.170,,1,0,Active,exact,O=C(O)Cc1cc(Cl)c(Oc2ccc(O)c(-c3ccc(C(F)(F)F)cc3)c2)c(Cl)c1
CHEMBL4792904,THRbeta,7.740,,2,0,Active,exact,CC(C)c1cc(Oc2c(Cl)cc(NCc3noc(=O)[nH]3)cc2Cl)nn(C)c1=O
CHEMBL562584,THRbeta,5.920,,1,0,,exact,CCCCCCOc1ccc(C(=O)CCN2CCNC(=O)C2)c(Cl)c1Cl
CHEMBL558107,THRbeta,5.520,,1,0,,exact,CCCCCCOc1ccc(C(=O)CCN(C)C)cc1[N+](=O)[O-]
CHEMBL325405,THRbeta,6.820,,1,0,Active,exact,Fc1ccc(-c2nn3c(c2-c2ccnc4ccccc24)CCC3)nc1
CHEMBL264410,THRbeta,6.580,,3,0,Active,exact,COc1cc(Oc2c(I)cc(CC3NC(=O)NC3=O)cc2I)ccc1O
CHEMBL485939,THRbeta,6.970,,1,0,Active,exact,Cc1cc(OCP(=O)(O)O)cc(C)c1Cc1ccc(O)c(-c2ccccc2)c1
CHEMBL264152,THRbeta,6.750,,3,0,Active,exact,Cc1cc(Oc2c(I)cc(CC3NC(=O)NC3=O)cc2I)ccc1O
CHEMBL2348878,THRbeta,,4.222,0,1,Inactive,censored,CS(=O)(=O)c1ccc(C(=O)NCC(=O)N2CCN(c3ccccc3F)CC2)cc1[N+](=O)[O-]
CHEMBL440975,THRbeta,8.230,,1,0,Active,exact,CC(C)c1cc(Oc2c(Br)cc(CC(=O)N[C@H](C)C(=O)O)cc2Br)ccc1O
CHEMBL237611,THRbeta,4.360,,1,0,Inactive,exact,C=CC(=O)c1ccc(CC(C)(C)C)cc1
CHEMBL596350,THRbeta,8.700,,1,0,Active,exact,O=C(c1cc(Oc2c(Cl)cc(-n3ncc(=O)[nH]c3=O)cc2Cl)ccc1O)N1CCc2ccccc2C1
CHEMBL2349029,THRbeta,,4.222,0,1,Inactive,censored,CN(CC(=O)N(Cc1ccccc1)Cc1ccccc1)C(=O)c1ccc(S(C)(=O)=O)c([N+](=O)[O-])c1
CHEMBL235252,THRbeta,5.820,,1,0,,exact,CCCCCCc1ccc(C(=O)CCN(C)CCc2ccccc2)cc1
CHEMBL124039,THRbeta,9.175,,2,0,Active,exact,O=c1cnn(-c2cc(Cl)c(Oc3ccc(O)c(S(=O)(=O)NC4CCC4)c3)c(Cl)c2)c(=O)[nH]1
CHEMBL3126378,THRbeta,5.960,,1,0,,exact,Cc1c(C(=O)NCC(=O)O)c2ccccc2n1Cc1ccc(O)c(C(C)C)c1
CHEMBL5171808,THRbeta,8.060,,1,0,Active,exact,COc1nc(C(=O)NCC(=O)O)c(O)c2ccc(Oc3ccc(-c4ccccc4)cc3)cc12
CHEMBL5191021,THRbeta,7.910,,1,0,Active,exact,COc1nc(C(=O)NCC(=O)O)c(O)c2ccc(Oc3ccc(C(C)(C)c4ccccc4)cc3)cc12
CHEMBL196642,THRbeta,9.520,,1,0,Active,exact,COc1ccc2c(-c3c(Cl)cc(NC(=O)CC(=O)O)cc3Cl)cccc2c1C(C)C
CHEMBL6057107,THRbeta,7.360,,1,0,Active,exact,CC[C@H](O)c1cc(Oc2c(Cl)cc(NC(=O)c3noc(=O)[nH]3)cc2Cl)n[nH]c1=O
CHEMBL391945,THRbeta,8.380,,1,0,Active,exact,O=C(O)Cc1cc(Br)c(Oc2ccc(O)c(C(=O)NC(=O)c3ccccc3)c2)c(Br)c1
CHEMBL111953,THRbeta,6.865,,2,0,Active,exact,Cc1cc(OCC(=O)O)cc(C)c1Cc1cc(C#Cc2ccccc2)c(O)c(C(C)C)c1
CHEMBL1276308,THRbeta,,5.648,0,1,,censored,CC#C[C@]1(O)CC[C@H]2[C@@H]3CCC4=CC(=O)CCC4=C3[C@@H](c3ccc(N(C)C)cc3)C[C@@]21C
CHEMBL318132,THRbeta,6.830,,1,0,Active,exact,CCCCN(C)C(=O)CCCCCCCCCCC(c1ccc(O)c(C(C)C)c1)c1c(C)cc(OCC(=O)O)cc1C
CHEMBL2349058,THRbeta,,4.222,0,1,Inactive,censored,CC1Cc2ccccc2N1C(=O)C1CCN(C(=O)c2ccc(S(C)(=O)=O)c([N+](=O)[O-])c2)CC1
CHEMBL4797657,THRbeta,7.270,,1,0,Active,exact,COc1ccc(Oc2c(Cl)cc(CO)cc2Cl)cc1C(C)C
CHEMBL3414623,THRbeta,,5.000,0,1,,censored,Cc1cn(CCN2CCN(c3ccccc3-c3cc(C#N)cc(C(=O)NCCCN4CCCC4)c3)CC2)c2ccccc12
CHEMBL109430,THRbeta,7.850,,2,0,Active,exact,CCCCCc1ccc(C#Cc2cc(Cc3c(C)cc(OCC(=O)O)cc3C)cc(C(C)C)c2O)cc1
CHEMBL2349033,THRbeta,,4.222,0,1,Inactive,censored,CN(CC(=O)N1CCN(c2ccccc2F)CC1)C(=O)c1ccc(S(C)(=O)=O)c([N+](=O)[O-])c1
CHEMBL459148,THRbeta,7.580,,1,0,Active,exact,O=P(O)(O)Cc1cc(I)c(Oc2ccc(O)c(I)c2)c(I)c1
CHEMBL263630,THRbeta,7.240,,3,0,Active,exact,CC(C)c1cc(Oc2c(I)cc(CC3NC(=O)NC3=O)cc2I)ccc1O
CHEMBL121893,THRbeta,5.040,,1,0,,exact,CCCCCCOc1ccc(C(=O)CCN2CCCCC2)cc1
CHEMBL5286305,THRbeta,7.520,,1,0,Active,exact,Cc1c(O)ccc2c1ccn2-c1c(Cl)cc(-n2nc(C#N)c(=O)[nH]c2=O)cc1Cl
CHEMBL2348890,THRbeta,,4.222,0,1,Inactive,censored,CN(Cc1cccc(F)c1)C(=O)CCNC(=O)c1ccc(S(C)(=O)=O)c([N+](=O)[O-])c1
CHEMBL3397344,THRbeta,9.190,,1,0,Active,exact,Cc1cn(Cc2ccc(O)c(C3CCCC3)c2)c2ccc(OCC(=O)O)cc12
CHEMBL4757512,THRbeta,6.660,,1,0,Active,exact,O=C(NCc1cccc(Cl)c1)c1ccc2cn(CCN3CCOC3=O)nc2c1
CHEMBL237456,THRbeta,5.090,,1,0,,exact,C=CC(=O)Oc1ccccc1CCCCCC
CHEMBL2312277,THRbeta,7.270,,1,0,Active,exact,CCc1cc(Oc2c(C)cc(NC(=O)CC(=O)O)c3c2CCC3)ccc1O
CHEMBL236498,THRbeta,7.580,,1,0,Active,exact,CC(C)c1cc(Oc2c(Br)cc(CC(=O)N[C@H](CC(=O)O)C(=O)O)cc2Br)ccc1O
CHEMBL2348904,THRbeta,,4.222,0,1,Inactive,censored,CS(=O)(=O)c1ccc(C(=O)NCCC(=O)N2CCCc3ccccc32)cc1[N+](=O)[O-]
CHEMBL160883,THRbeta,6.320,,1,0,Active,exact,Cc1oc2ccccc2c1C(=O)c1cc(I)c(OCC(=O)O)c(I)c1
CHEMBL236500,THRbeta,5.580,,1,0,,exact,Cc1cc(Oc2c(Br)cc(CC(=O)N[C@H](C(=O)O)C(C)C)cc2Br)cc(C(C)C)c1O
CHEMBL120245,THRbeta,5.890,,1,0,,exact,CC(C)c1cccc(-c2nn3c(c2-c2ccnc4ccccc24)CCC3)n1
CHEMBL5596442,THRbeta,7.495,,2,0,Active,exact,C#Cc1nn(-c2cc(Cl)c(Oc3cc(C(C)C)c(=O)[nH]n3)c(Cl)c2)c(=O)[nH]c1=O
CHEMBL471488,THRbeta,8.595,,2,0,Active,exact,Cc1cc(OCP(=O)(O)O)cc(C)c1Cc1ccc(O)c(C(C)C)c1
CHEMBL5180999,THRbeta,7.920,,1,0,Active,exact,COc1nc(C(=O)NCC(=O)O)c(O)c2ccc(Oc3ccc(CCc4ccccc4)cc3)cc12
CHEMBL125242,THRbeta,8.880,,4,0,Active,exact,O=C(c1cc(Oc2c(Cl)cc(-n3ncc(=O)[nH]c3=O)cc2Cl)ccc1O)N1CCCCC1
CHEMBL4753226,THRbeta,6.120,,1,0,Active,exact,CC(CO)c1cc(Oc2c(Cl)cc(NC(=O)c3noc(=O)[nH]3)cc2Cl)nn(C)c1=O
CHEMBL193615,THRbeta,8.140,,1,0,Active,exact,Cc1c(O)ccc2c(-c3c(Cl)cc(NC(=O)O)cc3Cl)cccc12
CHEMBL5597989,THRbeta,6.130,,1,0,Active,exact,CC(C)c1cc(Oc2c(Cl)cc(-n3nc(CC#N)c(=O)[nH]c3=O)cc2Cl)n[nH]c1=O
CHEMBL485928,THRbeta,8.010,,1,0,Active,exact,CCc1cc(Cc2c(C)cc(OCP(=O)(O)O)cc2C)ccc1O
CHEMBL425366,THRbeta,6.100,,4,0,Active,exact,CCC(CC)COc1c(Br)cc(CC(=O)O)cc1Br
CHEMBL563566,THRbeta,6.100,,1,0,Active,exact,CCCCCCS(=O)(=O)c1cc(Cl)c(C(=O)CCN2CCN(S(=O)(=O)CC)CC2)cc1Cl
CHEMBL5888319,THRbeta,7.040,,1,0,Active,exact,C[C@H](O)c1cc(Oc2c(Cl)cc(NC(=O)c3noc(=O)[nH]3)cc2Cl)n[nH]c1=O
CHEMBL541478,THRbeta,5.270,,1,0,,exact,CCCCCCS(=O)(=O)c1cc(C)c(C(=O)CCN2CCNC(=O)C2)c(C)c1
CHEMBL4760114,THRbeta,6.920,,1,0,Active,exact,COc1cc(C(=O)N2CC[C@H](O)[C@@H](C)C2)cc2nc(NCc3cccc(Cl)c3)oc12
CHEMBL251090,THRbeta,8.020,,1,0,Active,exact,O=C(O)Cc1cc(Br)c(Oc2ccc(O)c(Cc3ccc(C(F)(F)F)cc3)c2)c(Br)c1
CHEMBL2348915,THRbeta,,4.222,0,1,Inactive,censored,Cc1ccc(N2CCN(C(=O)CCCNC(=O)c3ccc(S(C)(=O)=O)c([N+](=O)[O-])c3)CC2)cc1
CHEMBL558298,THRbeta,5.890,,1,0,,exact,CCCCCCSc1cc(Cl)c(C(=O)CCN2CCN(S(=O)(=O)CC)CC2)c(Cl)c1
CHEMBL594024,THRbeta,9.290,,1,0,Active,exact,O=c1cnn(-c2cc(Cl)c(Oc3ccc(O)c(Cc4ccc(F)cc4)c3)c(Cl)c2)c(=O)[nH]1
CHEMBL5597882,THRbeta,,4.301,0,1,Inactive,censored,CNCc1nn(-c2cc(Cl)c(Oc3cc(C(C)C)c(=O)[nH]n3)c(Cl)c2)c(=O)[nH]c1=O
CHEMBL3261328,THRbeta,5.690,,1,0,,exact,CC(C)c1cc(Sc2c(Cl)cc(CC(=O)O)cc2Cl)n[nH]c1=O
CHEMBL560675,THRbeta,,4.301,0,1,Inactive,censored,CCCCNC(=O)Nc1ccc(C(=O)CCN(C)C)cc1
CHEMBL564464,THRbeta,6.000,,1,0,Active,exact,CCCCCCS(=O)(=O)c1cc(Cl)c(C(=O)CCN2CCNC(=O)C2)c(Cl)c1
CHEMBL237936,THRbeta,7.170,,2,0,Active,exact,O=C(O)Cc1cc(Cl)c(Oc2ccc(O)c(-c3cncnc3)c2)c(Cl)c1
CHEMBL471897,THRbeta,5.530,,2,0,,exact,Cc1cc(OCP2(=O)OCC[C@@H](c3cccc(Cl)c3)O2)cc(C)c1Cc1ccc(O)c(C(C)C)c1
CHEMBL1624,THRbeta,6.620,,1,0,Active,exact,N[C@@H](Cc1cc(I)c(Oc2cc(I)c(O)c(I)c2)c(I)c1)C(=O)O
CHEMBL124844,THRbeta,5.000,,1,0,,exact,Cc1cc(N2CCCNC2=O)cc(C)c1Oc1ccc(O)c(C(C)C)c1
CHEMBL4776645,THRbeta,5.670,,1,0,,exact,CC(C)c1cc(C(=O)c2c(Cl)cc(NC(=O)c3noc(=O)[nH]3)cc2Cl)nn(C)c1=O
CHEMBL41314,THRbeta,9.960,,2,0,Active,exact,CC(C)c1cc(Oc2c(I)cc(C[C@@H](N)C(=O)O)cc2I)ccc1O
CHEMBL121554,THRbeta,7.270,,1,0,Active,exact,Clc1ccc2c(-c3c(-c4ccccn4)nn4c3CCC4)ccnc2c1
CHEMBL394644,THRbeta,7.960,,2,0,Active,exact,COc1cccc(-c2cc(Oc3c(Cl)cc(CC(=O)O)cc3Cl)ccc2O)c1
CHEMBL2348886,THRbeta,,4.222,0,1,Inactive,censored,CN(C(=O)CCNC(=O)c1ccc(S(C)(=O)=O)c([N+](=O)[O-])c1)c1ccccc1
CHEMBL551979,THRbeta,5.300,,1,0,,exact,CCCCCCOc1ccc(C(=O)CCN(C)C)cc1C(C)(C)C
CHEMBL550768,THRbeta,6.300,,1,0,Active,exact,CCCCCCS(=O)(=O)c1ccc(C(=O)CCN2CCN(C(C)=O)CC2)c(Cl)c1
CHEMBL237529,THRbeta,8.990,,1,0,Active,exact,CC1(C)C2CCC1(C)[C@H](NC(=O)c1cc(Oc3c(Cl)cc(-n4ncc(=O)[nH]c4=O)cc3Cl)ccc1O)C2
CHEMBL264153,THRbeta,7.570,,3,0,Active,exact,CCc1cc(Oc2c(I)cc(CC3NC(=O)NC3=O)cc2I)ccc1O
CHEMBL5983717,THRbeta,7.460,,1,0,Active,exact,Cn1nc(Oc2c(Cl)cc(NC(=O)c3noc(=O)[nH]3)cc2Cl)cc(C(C)(C)O)c1=O
CHEMBL236290,THRbeta,9.110,,1,0,Active,exact,CC(C)c1cc(Oc2c(Br)cc(CC(=O)N[C@H](C(=O)O)c3ccccc3)cc2Br)ccc1O
CHEMBL2348873,THRbeta,,4.222,0,1,Inactive,censored,CN(Cc1cccc(F)c1)C(=O)CNC(=O)c1ccc(S(C)(=O)=O)c([N+](=O)[O-])c1
CHEMBL4759089,THRbeta,6.760,,1,0,Active,exact,O=C(NCc1cccc(Cl)c1)c1ccc2cn(CCn3cccn3)nc2c1
CHEMBL4746084,THRbeta,7.600,,1,0,Active,exact,COc1cc(C(=O)N2CCC(O)C(C)C2)cc2nc(NCc3cccc(Cl)c3)oc12
CHEMBL236338,THRbeta,5.210,,1,0,,exact,C#CC(=O)Oc1ccc(CCCCCC)cc1
CHEMBL5200322,THRbeta,7.680,,1,0,Active,exact,COc1cc(F)cc(C(=O)c2cc(C)c(Oc3ccc4c(O)c(C(=O)NCC(=O)O)nc(OC)c4c3)c(C)c2)c1
CHEMBL520857,THRbeta,6.840,,1,0,Active,exact,COc1cc(OCP(=O)(O)O)cc(OC)c1Cc1ccc(O)c(C(C)C)c1
CHEMBL2349036,THRbeta,,4.222,0,1,Inactive,censored,CN(CC(=O)N1CCCCC1)C(=O)c1ccc(S(C)(=O)=O)c([N+](=O)[O-])c1
CHEMBL5589816,THRbeta,,4.301,0,1,Inactive,censored,CC(C)c1cc(Oc2c(Cl)cc(-n3nc(N(C)C)c(=O)[nH]c3=O)cc2Cl)n[nH]c1=O
CHEMBL395872,THRbeta,4.070,,1,0,Inactive,exact,C=CC(=O)c1ccc(NC(=O)CCC)cc1
CHEMBL4754577,THRbeta,6.330,,1,0,Active,exact,COc1cc(C(=O)N2CCC(O)C(C)C2)cn2nc(NCc3cccc(Cl)c3)nc12
CHEMBL2348897,THRbeta,,4.222,0,1,Inactive,censored,CS(=O)(=O)c1ccc(C(=O)NCCC(=O)N2CCN(c3ccc(F)cc3)CC2)cc1[N+](=O)[O-]
CHEMBL555726,THRbeta,,4.301,0,1,Inactive,censored,CCCCCS(=O)(=O)Nc1ccc(C(=O)CCN(C)C)cc1
CHEMBL259096,THRbeta,6.670,,3,0,Active,exact,O=C1NC(=O)C(Cc2cc(I)c(Oc3ccc(O)c(I)c3)c(I)c2)N1
CHEMBL97613,THRbeta,7.050,,1,0,Active,exact,C=CCC(c1ccc(O)c(C(C)C)c1)c1c(C)cc(OCC(=O)O)cc1C
CHEMBL564112,THRbeta,6.160,,1,0,Active,exact,CCCCCCS(=O)(=O)c1ccc(C(=O)CCN2CCNC(=O)C2)c(Cl)c1
CHEMBL2349057,THRbeta,,4.222,0,1,Inactive,censored,CS(=O)(=O)c1ccc(C(=O)N2CCC(C(=O)N3Cc4ccccc4C3)CC2)cc1[N+](=O)[O-]
CHEMBL4776950,THRbeta,8.060,,1,0,Active,exact,COc1cc(C(=O)N2CC(C)(CCO)OC[C@H]2C)cn2nc(NCc3cccc(Cl)c3)nc12
CHEMBL41036,THRbeta,8.960,,10,0,Active,exact,CC(C)c1cc(Oc2c(Cl)cc(CC(=O)O)cc2Cl)ccc1O
CHEMBL2035883,THRbeta,6.670,,1,0,Active,exact,Cc1cc(NS(=O)(=O)CC(=O)O)c2c(c1Oc1ccc(O)c(C(C)C)c1)CCC2
CHEMBL125946,THRbeta,9.110,,3,0,Active,exact,O=c1cnn(-c2cc(Cl)c(Oc3ccc(O)c(S(=O)(=O)N4C5CCC4CC4(CCCO4)C5)c3)c(Cl)c2)c(=O)[nH]1
CHEMBL5171818,THRbeta,6.940,,1,0,Active,exact,CN(C)Cc1nc(C(=O)NCC(=O)O)c(O)c2ccc(Oc3ccccc3)cc12
CHEMBL561050,THRbeta,5.570,,1,0,,exact,CCCCCCOc1ccc(C(=O)CCN(C)C)cc1I
