target,input_id,r_epik_Population,r_epik_State_Penalty,r_epik_acidic_macro-pKa_1,r_epik_acidic_macro-pKa_2,"r_epik_macro-pKa_(-1,0)","r_epik_macro-pKa_(-2,-1)",r_i_docking_score,r_i_glide_ecoul,r_i_glide_eff_state_penalty,r_i_glide_einternal,r_i_glide_emodel,r_i_glide_energy,r_i_glide_erotb,r_i_glide_esite,r_i_glide_evdw,r_i_glide_gscore,r_i_glide_hbond,r_i_glide_ligand_efficiency,r_i_glide_ligand_efficiency_ln,r_i_glide_ligand_efficiency_sa,r_i_glide_lipo,r_i_glide_metal,r_i_glide_rewards
AR,BPA_CID6623__prepared_state_008::AR::pose_00018,0.9968127480663589,0.0018912202000829093,9.897,9.897,9.897,9.897,-9.44895421106238,-8.130596115758644,0.0018912202000829093,2.615366404816762,-58.94640059720104,-39.55576710186132,0.6537926348342753,0.0,-31.425170986102675,-9.450845431262463,-0.608,-0.5558208359448459,-2.4650217358013577,-1.4291718831692537,-3.953246258518716,-0.0,-2.752543840909091
AR,BPA_CID6623__prepared_state_008::AR::pose_00020,0.9968127480663589,0.0018912202000829093,9.897,9.897,9.897,9.897,-9.441584360888633,-8.152300481328016,0.0018912202000829093,4.438820430727716,-57.95660019936993,-39.493834441539974,0.6537926348342753,0.0,-31.34153396021196,-9.443475581088716,-0.608,-0.5553873153463902,-2.4630991060095213,-1.4280571796352732,-3.9468026048040996,-0.0,-2.752543840909091
AR,BPA_CID6623__prepared_state_008::AR::pose_00025,0.9968127480663589,0.0018912202000829093,9.897,9.897,9.897,9.897,-9.332977025153555,-8.078654645645896,0.0018912202000829093,4.083409968295168,-56.58736283482897,-38.18475300297691,0.6537926348342753,0.0,-30.106098357331017,-9.334868245353638,-0.608,-0.5489986485384444,-2.4347658706826945,-1.411630118283153,-3.911013924565386,-0.0,-2.752543840909091
AR,BPA_CID6623__prepared_state_008::AR::pose_00031,0.9968127480663589,0.0018912202000829093,9.897,9.897,9.897,9.897,-9.246870089893637,-7.839378429293488,0.0018912202000829093,4.491155449220791,-56.009784495389496,-37.999630386215436,0.6537926348342753,0.0,-30.160251956921947,-9.24876131009372,-0.608,-0.5439335346996257,-2.4123024887805533,-1.3986062843148102,-3.8580907417787826,-0.0,-2.752543840909091
AR,BPA_CID6623__prepared_state_008::AR::pose_00042,0.9968127480663589,0.0018912202000829093,9.897,9.897,9.897,9.897,-9.195796559926896,-7.742113271322941,0.0018912202000829093,3.745988073804634,-57.13802563945064,-38.867144089272806,0.6537926348342753,0.0,-31.125030817949867,-9.197687780126978,-0.608,-0.5409292094074645,-2.3989785421638232,-1.390881317998727,-3.7733680424562275,-0.0,-2.752543840909091
AR,BPA_CID6623__prepared_state_008::AR::pose_00064,0.9968127480663589,0.0018912202000829093,9.897,9.897,9.897,9.897,-8.992219093246856,-8.806158947665173,0.0018912202000829093,2.9220232205017957,-56.45399460079485,-38.21698606711253,0.6537926348342753,0.0,-29.410827119447358,-8.994110313446939,-0.608,-0.5289540643086386,-2.3458697145542913,-1.360089847860655,-3.4958939092499794,-0.0,-2.752543840909091
AR,BPA_CID6623__prepared_state_008::AR::pose_00066,0.9968127480663589,0.0018912202000829093,9.897,9.897,9.897,9.897,-8.986842873033702,-8.790682774467076,0.0018912202000829093,2.7930754377029388,-56.492820974340624,-38.203113020592475,0.6537926348342753,0.0,-29.4124302461254,-8.988734093233784,-0.608,-0.528637816060806,-2.344467178423217,-1.359276684562925,-3.4927589586826375,-0.0,-2.752543840909091
AR,BPA_CID6623__prepared_state_008::AR::pose_00072,0.9968127480663589,0.0018912202000829093,9.897,9.897,9.897,9.897,-8.937835942623973,-6.775337173438466,0.0018912202000829093,2.6054680766933576,-56.470372702407765,-38.19419125076999,0.6537926348342753,0.0,-31.418854077331524,-8.939727162824056,-0.5284599666482654,-0.525755055448469,-2.3316823616100026,-1.3518642952701483,-3.725272710218628,-0.0,-2.752543840909091
AR,BPA_CID6623__prepared_state_008::AR::pose_00073,0.9968127480663589,0.0018912202000829093,9.897,9.897,9.897,9.897,-8.928423889081774,-5.074119987559148,0.0018912202000829093,3.532593616506068,-55.54654349178767,-37.754538168555186,0.6537926348342753,0.0,-32.680418180996035,-8.930315109281857,-0.3285080475552148,-0.5252014052401044,-2.3292269664369702,-1.3504407046817162,-4.1079169484681515,-0.0,-2.752543840909091
AR,BPA_CID6623__prepared_state_008::AR::pose_00078,0.9968127480663589,0.0018912202000829093,9.897,9.897,9.897,9.897,-8.922117781691988,-5.039905179111944,0.0018912202000829093,3.836575802326985,-55.27344862168489,-37.64724541058153,0.6537926348342753,0.0,-32.60734023146959,-8.92400900189207,-0.32878751902186454,-0.5248304577465875,-2.327581843449082,-1.3494868942205354,-4.110117488355119,-0.0,-2.752543840909091
AR,BPA_CID6623__prepared_state_008::AR::pose_00079,0.9968127480663589,0.0018912202000829093,9.897,9.897,9.897,9.897,-8.91369836299345,-8.532927279775075,0.0018912202000829093,2.116868235870685,-57.047785348821954,-38.58016774130517,0.6537926348342753,0.0,-30.04724046153009,-8.915589583193533,-0.56364925479335,-0.5243351978231442,-2.3253854046018696,-1.3482134414967948,-3.4850674806437567,-0.0,-2.7383643675479368
AR,BPA_CID6623__prepared_state_008::AR::pose_00082,0.9968127480663589,0.0018912202000829093,9.897,9.897,9.897,9.897,-8.89423217669724,-5.104346242608702,0.0018912202000829093,6.969573368340205,-53.610011045625185,-37.611378940389656,0.6537926348342753,0.0,-32.50703269778096,-8.896123396897323,-0.3279666458709825,-0.5231901280410142,-2.3203071100878443,-1.3452691446459848,-4.078401973671172,-0.0,-2.752543840909091
AR,BPA_CID6623__prepared_state_008::AR::pose_00083,0.9968127480663589,0.0018912202000829093,9.897,9.897,9.897,9.897,-8.890346196012889,-5.110000229145561,0.0018912202000829093,4.176211383208612,-54.99605160896922,-37.60924920573708,0.6537926348342753,0.0,-32.49924897659152,-8.892237416212971,-0.3277170805924374,-0.5229615409419346,-2.319293344263832,-1.3446813828462596,-4.074306646344308,-0.0,-2.752543840909091
AR,BPA_CID6623__prepared_state_008::AR::pose_00089,0.9968127480663589,0.0018912202000829093,9.897,9.897,9.897,9.897,-8.858684377518607,-8.024300536507981,0.0018912202000829093,2.641777337646035,-56.577977208722565,-38.4933003987944,0.6537926348342753,0.0,-30.468999862286424,-8.86057559771869,-0.5520904789041643,-0.5210990810305063,-2.3110334808927058,-1.339892473962665,-3.482638839149191,-0.0,-2.752543840909091
AR,BPA_CID6623__prepared_state_008::AR::pose_00091,0.9968127480663589,0.0018912202000829093,9.897,9.897,9.897,9.897,-8.853053399591603,-7.982961227784952,0.0018912202000829093,2.5303710008337115,-56.58031873429628,-38.45227117270698,0.6537926348342753,0.0,-30.469309944922024,-8.854944619791686,-0.5527712813052752,-0.5207678470348002,-2.309564484147264,-1.3390407780873057,-3.482512450997752,-0.0,-2.752543840909091
AR,BPA_CID6623__prepared_state_008::AR::pose_00094,0.9968127480663589,0.0018912202000829093,9.897,9.897,9.897,9.897,-8.828095349001188,-7.828078845323019,0.0018912202000829093,2.6724278458413906,-56.4770157573447,-38.47465729798743,0.6537926348342753,0.0,-30.64657845266441,-8.829986569201271,-0.608,-0.5192997264118346,-2.3030534845366852,-1.3352658265566086,-3.416694613694781,-0.0,-2.752543840909091
AR,BPA_CID6623__prepared_state_008::AR::pose_00113,0.9968127480663589,0.0018912202000829093,9.897,9.897,9.897,9.897,-8.735575865579358,-8.064240200279109,0.0018912202000829093,2.139914402626024,-52.28059139466803,-34.21460333129855,0.6537926348342753,0.0,-26.15036313101944,-8.737467085779441,-0.29874564412213483,-0.5138574038576094,-2.278917211619528,-1.321272082762505,-3.822816048989651,-0.0,-2.752543840909091
AR,BPA_CID6623__prepared_state_008::AR::pose_00115,0.9968127480663589,0.0018912202000829093,9.897,9.897,9.897,9.897,-8.728796692591533,-6.102870701359984,0.0018912202000829093,3.0136771007532364,-55.201872141500054,-37.587612508386165,0.6537926348342753,0.0,-31.484741807026182,-8.730687912791616,-0.5301278297556269,-0.5134586289759726,-2.2771486763517643,-1.3202467202505355,-3.6121411814058657,-0.0,-2.752543840909091
AR,BPA_CID6623__prepared_state_008::AR::pose_00126,0.9968127480663589,0.0018912202000829093,9.897,9.897,9.897,9.897,-8.671167349086527,-5.700248172575115,0.0018912202000829093,2.8530773260581412,-54.7766335340705,-37.20828816149938,0.6537926348342753,0.0,-31.50803998892427,-8.67305856928661,-0.5686262156798404,-0.5100686675933251,-2.262114463973691,-1.3115301749542918,-3.5752419221994733,-0.0,-2.752543840909091
AR,BPA_CID6623__prepared_state_008::AR::pose_00136,0.9968127480663589,0.0018912202000829093,9.897,9.897,9.897,9.897,-8.596117298782602,-7.135824862032399,0.0018912202000829093,1.8242025840380158,-53.45366775058816,-35.53525228194242,0.6537926348342753,0.0,-28.399427419910023,-8.598008518982684,-0.5381459062088209,-0.5056539587519178,-2.2425355771318465,-1.300178715382265,-3.4707663063986858,-0.0,-2.752543840909091
ESR1,BPA_CID6623__prepared_state_008::ESR1::pose_00037,0.9968127480663589,0.0018912202000829093,9.897,9.897,9.897,9.897,-9.012249855903232,-8.64181980759107,0.0018912202000829093,1.2147805089812227,-53.65552950355077,-34.32157629979365,0.4576548443839927,0.0,-25.679756492202582,-9.014141076103314,-0.4711833736876786,-0.530132344464896,-2.3510952944681867,-1.3631195379350773,-3.8851606731106934,-0.0,-2.5351910779401448
ESR1,BPA_CID6623__prepared_state_008::ESR1::pose_00104,0.9968127480663589,0.0018912202000829093,9.897,9.897,9.897,9.897,-8.558319445191158,-4.648876391225114,0.0018912202000829093,1.7210621949631006,-53.98859274409158,-35.911978359564074,0.6537926348342753,0.0,-31.263101968338958,-8.56021066539124,-0.40247142362698846,-0.5034305555994799,-2.232674958846654,-1.29446171978779,-3.91134056971583,-0.0,-2.6397047497819814
ESR1,BPA_CID6623__prepared_state_008::ESR1::pose_00125,0.9968127480663589,0.0018912202000829093,9.897,9.897,9.897,9.897,-8.477196106386192,-4.458825854342895,0.0018912202000829093,0.8779548496210303,-54.094551915041635,-35.77584725296105,0.6537926348342753,0.0,-31.317021398618152,-8.479087326586274,-0.4245488797513955,-0.4986585944933054,-2.211511686280373,-1.2821916640441464,-3.9178485583579605,-0.0,-2.5558075752288523
ESR1,BPA_CID6623__prepared_state_008::ESR1::pose_00130,0.9968127480663589,0.0018912202000829093,9.897,9.897,9.897,9.897,-8.45543584364628,-3.855735327343276,0.0018912202000829093,1.7139893867635703,-55.12691114617016,-37.27436243491296,0.6537926348342753,0.0,-33.418627107569684,-8.457327063846362,-0.32,-0.49737857903801647,-2.2058349183087564,-1.2789003838682038,-4.017156685815338,-0.0,-2.5246713583853224
ESR1,BPA_CID6623__prepared_state_008::ESR1::pose_00144,0.9968127480663589,0.0018912202000829093,9.897,9.897,9.897,9.897,-8.413506169407153,-2.7512533889625517,0.0018912202000829093,1.9484851622054178,-55.71235694266902,-38.069814156535934,0.6537926348342753,0.0,-35.31856076757338,-8.415397389607236,-0.27532834488889263,-0.4949121276121855,-2.194896400027706,-1.272558442722712,-4.097814313342435,-0.0,-2.5174313194871303
ESR1,BPA_CID6623__prepared_state_008::ESR1::pose_00146,0.9968127480663589,0.0018912202000829093,9.897,9.897,9.897,9.897,-8.409023888411742,-2.7327498393248173,0.0018912202000829093,2.1702501278123503,-55.573852059240195,-38.05210758749689,0.6537926348342753,0.0,-35.319357748172074,-8.410915108611825,-0.27272857383902654,-0.49464846402422014,-2.1937270727314933,-1.2718804893928497,-4.09850967107642,-0.0,-2.5175891352233273
ESR1,BPA_CID6623__prepared_state_008::ESR1::pose_00154,0.9968127480663589,0.0018912202000829093,9.897,9.897,9.897,9.897,-8.369056937593273,-2.3546017468560505,0.0018912202000829093,1.8891663209435965,-55.27633176250992,-37.70246143124826,0.6537926348342753,0.0,-35.34785968439221,-8.370948157793356,-0.26658525973111163,-0.49229746691725135,-2.1833005852831904,-1.2658354138120103,-4.078079714843892,-0.0,-2.559492571804608
ESR1,BPA_CID6623__prepared_state_008::ESR1::pose_00190,0.9968127480663589,0.0018912202000829093,9.897,9.897,9.897,9.897,-8.186518361707526,-6.950172642028159,0.0018912202000829093,1.7450998350110165,-51.074727818206384,-33.83264135815329,0.6537926348342753,0.0,-26.882468716125132,-8.188409581907608,-0.45599999999999996,-0.48155990362985446,-2.1356803357688263,-1.2382261150025988,-3.4440059499512445,-0.0,-2.5555469346801596
ESR1,BPA_CID6623__prepared_state_008::ESR1::pose_00191,0.9968127480663589,0.0018912202000829093,9.897,9.897,9.897,9.897,-8.174035535830479,-7.39182483021861,0.0018912202000829093,1.5199035858825756,-51.24046989002524,-33.91340017365129,0.6537926348342753,0.0,-26.52157534343268,-8.175926756030561,-0.4014070690345992,-0.48082561975473403,-2.13242384447637,-1.2363380643921844,-3.450860261644713,-0.0,-2.5425995684810987
ESR1,BPA_CID6623__prepared_state_008::ESR1::pose_00195,0.9968127480663589,0.0018912202000829093,9.897,9.897,9.897,9.897,-8.167138444266298,-7.575249961958651,0.0018912202000829093,1.5243295884955952,-51.305390997481084,-33.99579222774456,0.6537926348342753,0.0,-26.420542265785908,-8.16902966446638,-0.3945510591375938,-0.4804199084862528,-2.1306245468779528,-1.235294866476416,-3.4497781628982973,-0.0,-2.5211784696816726
ESR1,BPA_CID6623__prepared_state_008::ESR1::pose_00209,0.9968127480663589,0.0018912202000829093,9.897,9.897,9.897,9.897,-8.116071282572937,-6.196719096335836,0.0018912202000829093,0.7518445841980093,-50.83523923871614,-33.25237021811551,0.6537926348342753,0.0,-27.055651121779672,-8.11796250277302,-0.38227614884534683,-0.47741595779840806,-2.1173022616019335,-1.2275708633735158,-3.5154702661018415,-0.0,-2.5917183021207464
ESR1,BPA_CID6623__prepared_state_008::ESR1::pose_00249,0.9968127480663589,0.0018912202000829093,9.897,9.897,9.897,9.897,-7.914474774249898,-5.620365243190374,0.0018912202000829093,1.6486770496073513,-43.220796846301326,-26.532321681621255,0.6537926348342753,0.0,-20.91195643843088,-7.916365994449981,-0.32,-0.4655573396617587,-2.0647102219139692,-1.1970790168681034,-3.6917088551972568,-0.0,-2.6697971656868984
ESR1,BPA_CID6623__prepared_state_008::ESR1::pose_00293,0.9968127480663589,0.0018912202000829093,9.897,9.897,9.897,9.897,-7.777186748316882,-3.77181986152834,0.0018912202000829093,1.8269185341380307,-43.13431396204457,-26.83867207915208,0.4576548443839927,0.0,-23.06685221762374,-7.779077968516964,-0.21248951834333382,-0.4574815734304048,-2.028894833202069,-1.1763139478269637,-3.765535729041038,-0.0,-2.539591975406147
ESR1,BPA_CID6623__prepared_state_008::ESR1::pose_00296,0.9968127480663589,0.0018912202000829093,9.897,9.897,9.897,9.897,-7.758566066178922,-3.4822358666369144,0.0018912202000829093,2.230574166749964,-44.880692736558586,-28.8280718812614,0.6537926348342753,0.0,-25.345836014624485,-7.760457286379005,-0.22663111793758645,-0.4563862391869954,-2.024037111894479,-1.1734975350512675,-3.7804677550584813,-0.0,-2.61752386749045
ESR1,BPA_CID6623__prepared_state_008::ESR1::pose_00297,0.9968127480663589,0.0018912202000829093,9.897,9.897,9.897,9.897,-7.754134577400582,-4.724497329161999,0.0018912202000829093,1.3138880889428002,-44.40954242135051,-27.908381994725218,0.6537926348342753,0.0,-23.18388466556322,-7.756025797600665,-0.29504846387877964,-0.45612556337650484,-2.0228810351566135,-1.1728272641386233,-3.773740436816637,-0.0,-2.473160699087061
ESR1,BPA_CID6623__prepared_state_008::ESR1::pose_00306,0.9968127480663589,0.0018912202000829093,9.897,9.897,9.897,9.897,-7.721517709255787,-3.070931735057301,0.0018912202000829093,1.5726526971063706,-44.06329421780289,-27.76367207381756,0.6537926348342753,0.0,-24.69274033876026,-7.72340892945587,-0.20692817328667798,-0.4542069240738698,-2.0143720205995783,-1.1678939022206445,-3.825855139729957,-0.0,-2.6491414740769015
ESR1,BPA_CID6623__prepared_state_008::ESR1::pose_00309,0.9968127480663589,0.0018912202000829093,9.897,9.897,9.897,9.897,-7.702913559817807,-1.165002481065624,0.0018912202000829093,3.0253629014378074,-42.86985743348342,-27.337747028836347,0.6537926348342753,0.0,-26.172744547770723,-7.70480478001789,-0.4809882713739528,-0.4531125623422239,-2.009518612305248,-1.1650799900465425,-3.641677703020741,-0.0,-2.752543840909091
ESR1,BPA_CID6623__prepared_state_008::ESR1::pose_00312,0.9968127480663589,0.0018912202000829093,9.897,9.897,9.897,9.897,-7.69066370425829,-1.7401766289308265,0.0018912202000829093,2.5630695784813406,-44.80357980594294,-29.06742222439015,0.6537926348342753,0.0,-27.327245595459324,-7.692554924458372,-0.21482919321552157,-0.45239198260342883,-2.0063228977806413,-1.1632271766295772,-3.751585751055444,-0.0,-2.752543840909091
ESR1,BPA_CID6623__prepared_state_008::ESR1::pose_00346,0.9968127480663589,0.0018912202000829093,9.897,9.897,9.897,9.897,-7.449295794651876,-1.288845003558522,0.0018912202000829093,1.324714694332485,-45.841982033977125,-30.020608077147568,0.6537926348342753,0.0,-28.731763073589047,-7.451187014851959,-0.09088578947108011,-0.43819387027363976,-1.9433553851634062,-1.1267198317738931,-3.6316351150928328,-0.0,-2.752543840909091
ESR1,BPA_CID6623__prepared_state_008::ESR1::pose_00353,0.9968127480663589,0.0018912202000829093,9.897,9.897,9.897,9.897,-7.41129953895995,0.10257124067438347,0.0018912202000829093,1.7203439742923852,-44.01608457401196,-28.47658167235302,0.6537926348342753,0.0,-28.579152913027404,-7.413190759160033,0.0,-0.4359587964094088,-1.9334430081883955,-1.1209728274930346,-3.9184613528174217,-0.0,-2.7349500816266734
ESR2,BPA_CID6623__prepared_state_008::ESR2::pose_00065,0.9968127480663589,0.0018912202000829093,9.897,9.897,9.897,9.897,-8.683146513503013,-6.237187855772905,0.0018912202000829093,1.531084828878699,-52.89360209354751,-35.826070233983465,0.6537926348342753,0.0,-29.588882378210563,-8.685037733703096,-0.4365622427711163,-0.5107733243237067,-2.2652395612070766,-1.3133420458328553,-3.7347019875806997,-0.0,-2.752543840909091
ESR2,BPA_CID6623__prepared_state_008::ESR2::pose_00069,0.9968127480663589,0.0018912202000829093,9.897,9.897,9.897,9.897,-8.638602803241946,-7.645101099960917,0.0018912202000829093,0.8821542672727469,-52.93948745797687,-35.63895236047959,0.6537926348342753,0.0,-27.993851260518674,-8.640494023442029,-0.45599999999999996,-0.5081531060730556,-2.2536190991396214,-1.3066047268814498,-3.582667084565038,-0.0,-2.709161845691196
ESR2,BPA_CID6623__prepared_state_008::ESR2::pose_00070,0.9968127480663589,0.0018912202000829093,9.897,9.897,9.897,9.897,-8.621749475304478,-7.229029661370949,0.0018912202000829093,3.296511209280583,-51.268775933372474,-35.21002441258944,0.6537926348342753,0.0,-27.980994751218493,-8.62364069550456,-0.33142806958403453,-0.5071617338414399,-2.2492224411858968,-1.3040556297128063,-3.858170442408781,-0.0,-2.604430631579453
ESR2,BPA_CID6623__prepared_state_008::ESR2::pose_00078,0.9968127480663589,0.0018912202000829093,9.897,9.897,9.897,9.897,-8.59791764432705,-6.921680398914301,0.0018912202000829093,1.400216648552938,-52.57700435822149,-35.61903969241601,0.6537926348342753,0.0,-28.69735929350171,-8.599808864527132,-0.33846813403546644,-0.5057598614310029,-2.2430052471926687,-1.300451020991398,-3.8412122391219645,-0.0,-2.600801101691746
ESR2,BPA_CID6623__prepared_state_008::ESR2::pose_00084,0.9968127480663589,0.0018912202000829093,9.897,9.897,9.897,9.897,-8.532667356560651,-5.745760361324971,0.0018912202000829093,1.6314014244156914,-51.381262251102314,-34.67286903743225,0.6537926348342753,0.0,-28.92710867610728,-8.534558576760734,-0.337576693161081,-0.5019216092094501,-2.225982900166883,-1.2905817937138162,-3.882470599779645,-0.0,-2.660084430650174
ESR2,BPA_CID6623__prepared_state_008::ESR2::pose_00086,0.9968127480663589,0.0018912202000829093,9.897,9.897,9.897,9.897,-8.529530736278005,-6.268115855885009,0.0018912202000829093,0.8825818614412917,-52.39124671284028,-35.31488417127514,0.6537926348342753,0.0,-29.046768315390132,-8.531421956478088,-0.4090859718730166,-0.5017371021340002,-2.22516462578424,-1.2901073740673659,-3.6572121516677747,-0.0,-2.726360673619314
ESR2,BPA_CID6623__prepared_state_008::ESR2::pose_00096,0.9968127480663589,0.0018912202000829093,9.897,9.897,9.897,9.897,-8.478439252589718,-7.205161140335854,0.0018912202000829093,2.1820784456088074,-51.02089848369461,-34.699190885320405,0.6537926348342753,0.0,-27.494029744984548,-8.4803304727898,-0.3942821331895065,-0.49873172074057165,-2.2118359954413687,-1.2823796922175361,-3.5912660211684337,-0.0,-2.69309929496653
ESR2,BPA_CID6623__prepared_state_008::ESR2::pose_00099,0.9968127480663589,0.0018912202000829093,9.897,9.897,9.897,9.897,-8.47225364835986,-7.205873134027616,0.0018912202000829093,1.527604020018856,-51.207887201219705,-34.57164335267647,0.6537926348342753,0.0,-27.36577021864885,-8.474144868559943,-0.39372965099075147,-0.49836786166822705,-2.210222309044432,-1.2814441080832224,-3.577635878624137,-0.0,-2.7074024927427445
ESR2,BPA_CID6623__prepared_state_008::ESR2::pose_00105,0.9968127480663589,0.0018912202000829093,9.897,9.897,9.897,9.897,-8.441864213089213,-5.722501521550498,0.0018912202000829093,0.6684636510560447,-51.83498926445607,-34.83157416082507,0.6537926348342753,0.0,-29.109072639274572,-8.443755433289295,-0.38784467356402347,-0.49658024782877724,-2.2022943821217713,-1.2768476495266392,-3.7158125434230462,-0.0,-2.680061990940196
ESR2,BPA_CID6623__prepared_state_008::ESR2::pose_00139,0.9968127480663589,0.0018912202000829093,9.897,9.897,9.897,9.897,-8.268396737787292,-7.1533914885432495,0.0018912202000829093,1.4277476616279792,-50.957360148287044,-34.68976954056937,0.6537926348342753,0.0,-27.53637805202612,-8.270287957987374,-0.45599999999999996,-0.4863762786933701,-2.157040580746249,-1.250610371537122,-3.3860153821421397,-0.0,-2.6322375847967185
ESR2,BPA_CID6623__prepared_state_008::ESR2::pose_00143,0.9968127480663589,0.0018912202000829093,9.897,9.897,9.897,9.897,-8.255968063399354,-5.2452485756127,0.0018912202000829093,1.9406831837385612,-47.39770858849117,-31.412105662442077,0.6537926348342753,0.0,-26.166857086829378,-8.257859283599437,-0.45599999999999996,-0.485645180199962,-2.1537982163714067,-1.2487305114400638,-3.6079779368412477,-0.0,-2.752543840909091
ESR2,BPA_CID6623__prepared_state_008::ESR2::pose_00145,0.9968127480663589,0.0018912202000829093,9.897,9.897,9.897,9.897,-8.239964558188342,-4.587087720029183,0.0018912202000829093,2.243577470455387,-48.63331475074263,-32.83201912431413,0.6537926348342753,0.0,-28.244931404284948,-8.241855778388425,-0.3965335748247729,-0.4847037975404907,-2.149623258242393,-1.2463099515380005,-3.6730717609474275,-0.0,-2.7257333492318763
ESR2,BPA_CID6623__prepared_state_008::ESR2::pose_00148,0.9968127480663589,0.0018912202000829093,9.897,9.897,9.897,9.897,-8.207563330743582,-4.39816422537048,0.0018912202000829093,2.428406876151536,-49.224671636350465,-33.582320475024154,0.6537926348342753,0.0,-29.18415624965367,-8.209454550943665,-0.32,-0.4827978429849166,-2.1411704995419147,-1.2414092056766215,-3.7214911738558567,-0.0,-2.7028235656338278
ESR2,BPA_CID6623__prepared_state_008::ESR2::pose_00178,0.9968127480663589,0.0018912202000829093,9.897,9.897,9.897,9.897,-8.08216379412438,-6.303632955383375,0.0018912202000829093,1.5734004911129578,-46.54882564071299,-30.73645540138975,0.6537926348342753,0.0,-24.432822446006377,-8.084055014324463,-0.45599999999999996,-0.4754213996543753,-2.1084565529483483,-1.2224422927362668,-3.4128084746480165,-0.0,-2.7018531089028954
ESR2,BPA_CID6623__prepared_state_008::ESR2::pose_00192,0.9968127480663589,0.0018912202000829093,9.897,9.897,9.897,9.897,-8.002232028588116,-3.0019144455415336,0.0018912202000829093,1.1420169436822327,-46.81390618440606,-30.94996885975296,0.6537926348342753,0.0,-27.948054414211427,-8.004123248788199,-0.4069295767568809,-0.4707195310934186,-2.08760413531284,-1.2103524646637842,-3.6507525784146995,-0.0,-2.752543840909091
ESR2,BPA_CID6623__prepared_state_008::ESR2::pose_00198,0.9968127480663589,0.0018912202000829093,9.897,9.897,9.897,9.897,-7.966773498140254,-4.638862484093718,0.0018912202000829093,1.9930270512492338,-48.65792988761105,-33.2923049696295,0.6537926348342753,0.0,-28.65344248553578,-7.968664718340337,-0.3006823590775188,-0.46863373518472085,-2.078353794341643,-1.2049892960418793,-3.6838710804672217,-0.0,-2.509402416739025
ESR2,BPA_CID6623__prepared_state_008::ESR2::pose_00218,0.9968127480663589,0.0018912202000829093,9.897,9.897,9.897,9.897,-7.877833472755958,-3.347357176241804,0.0018912202000829093,2.1265927528593815,-46.80454724688491,-31.68832661754687,0.4576548443839927,0.0,-28.340969441305067,-7.8797246929560405,-0.1649310919484981,-0.46340196898564456,-2.055151322315867,-1.1915369519275665,-3.6790421687996537,-0.0,-2.574254228090358
ESR2,BPA_CID6623__prepared_state_008::ESR2::pose_00230,0.9968127480663589,0.0018912202000829093,9.897,9.897,9.897,9.897,-7.832353885667391,-3.4696392776456078,0.0018912202000829093,2.1367226526853633,-46.67992741663299,-31.662155425266555,0.4576548443839927,0.0,-28.192516147620946,-7.834245105867474,-0.16385131981614504,-0.4607266991569054,-2.0432867108250696,-1.184658079866886,-3.6692714666918755,-0.0,-2.5287054647155562
ESR2,BPA_CID6623__prepared_state_008::ESR2::pose_00256,0.9968127480663589,0.0018912202000829093,9.897,9.897,9.897,9.897,-7.731089541869815,-2.2414779825520212,0.0018912202000829093,0.2506540496311187,-46.47458587886011,-30.72170666925862,0.6537926348342753,0.0,-28.4802286867066,-7.732980762069897,-0.3703073339937653,-0.45476997305116557,-2.016869098574346,-1.1693416596906039,-3.7113752389676695,-0.0,-2.5448576922246025
ESR2,BPA_CID6623__prepared_state_008::ESR2::pose_00335,0.9968127480663589,0.0018912202000829093,9.897,9.897,9.897,9.897,-7.36024428049271,0.4653870265000364,0.0018912202000829093,1.1372581588262118,-47.240565314413296,-32.69244841935002,0.6537926348342753,0.0,-33.15783544585006,-7.362135500692792,0.0,-0.4329555459113359,-1.9201238281989994,-1.1132506247752045,-3.927240361063058,-0.0,-2.500604056146513
ESRRG,BPA_CID6623__prepared_state_008::ESRRG::pose_00010,0.9968127480663589,0.0018912202000829093,9.897,9.897,9.897,9.897,-10.738346540634588,-11.130500120989778,0.0018912202000829093,1.7191101123739205,-72.8128300221945,-44.49947046964102,0.4576548443839927,0.0,-33.36897034865124,-10.74023776083467,-0.5829738976737282,-0.6316674435667404,-2.8013954812312956,-1.6241948690613097,-4.524351331054813,-0.0,-2.752543840909091
ESRRG,BPA_CID6623__prepared_state_008::ESRRG::pose_00011,0.9968127480663589,0.0018912202000829093,9.897,9.897,9.897,9.897,-10.733005227256832,-11.125375663822803,0.0018912202000829093,2.274643451662776,-72.49267217031591,-44.471587502451776,0.4576548443839927,0.0,-33.346211838628975,-10.734896447456915,-0.5831531112038228,-0.6313532486621666,-2.8000020515162403,-1.6233869854873004,-4.520737398223124,-0.0,-2.752543840909091
ESRRG,BPA_CID6623__prepared_state_008::ESRRG::pose_00013,0.9968127480663589,0.0018912202000829093,9.897,9.897,9.897,9.897,-10.729523230607924,-11.114124749576849,0.0018912202000829093,2.525506312156203,-72.33182007162907,-44.445624724345976,0.4576548443839927,0.0,-33.33149997476913,-10.731414450808007,-0.5831666752357751,-0.6311484253298779,-2.799093676130793,-1.622860327023649,-4.5196650678721495,-0.0,-2.752543840909091
ESRRG,BPA_CID6623__prepared_state_008::ESRRG::pose_00014,0.9968127480663589,0.0018912202000829093,9.897,9.897,9.897,9.897,-10.725412482703575,-11.042218033804172,0.0018912202000829093,1.7052478620757112,-72.6378317269152,-44.35267287552486,0.4576548443839927,0.0,-33.310454841720684,-10.727303702903658,-0.5828511358246357,-0.6309066166296221,-2.7980212735444034,-1.6222385687642202,-4.527708123397263,-0.0,-2.752543840909091
ESRRG,BPA_CID6623__prepared_state_008::ESRRG::pose_00035,0.9968127480663589,0.0018912202000829093,9.897,9.897,9.897,9.897,-10.361745622102429,-8.876724351860986,0.0018912202000829093,2.2649769824716035,-70.78181742779454,-43.764324571411485,0.6537926348342753,0.0,-34.8876002195505,-10.363636842302512,-0.6905210501341377,-0.6095144483589664,-2.7031486880763786,-1.5672332803056201,-4.498475922336885,-0.0,-2.752543840909091
ESRRG,BPA_CID6623__prepared_state_008::ESRRG::pose_00036,0.9968127480663589,0.0018912202000829093,9.897,9.897,9.897,9.897,-10.360109717344763,-8.875501327222679,0.0018912202000829093,1.25744178787731,-71.26354559835973,-43.74672863195292,0.6537926348342753,0.0,-34.87122730473024,-10.362000937544845,-0.6904021766170862,-0.609418218667339,-2.7027219169549115,-1.5669858466710638,-4.497960990533029,-0.0,-2.752543840909091
ESRRG,BPA_CID6623__prepared_state_008::ESRRG::pose_00037,0.9968127480663589,0.0018912202000829093,9.897,9.897,9.897,9.897,-10.359124605407093,-8.880451691838326,0.0018912202000829093,2.285671844158365,-70.7482330414149,-43.74820688994941,0.6537926348342753,0.0,-34.867755198111084,-10.361015825607176,-0.6905460506693446,-0.6093602709062996,-2.702464923187738,-1.5668368466598834,-4.4962630551817115,-0.0,-2.752543840909091
ESRRG,BPA_CID6623__prepared_state_008::ESRRG::pose_00042,0.9968127480663589,0.0018912202000829093,9.897,9.897,9.897,9.897,-10.311064188143142,-9.582529495608986,0.0018912202000829093,4.46709195271543,-68.20326686983513,-42.42449373455675,0.4576548443839927,0.0,-32.84196423894776,-10.312955408343225,-0.46075825648493896,-0.6065331875378319,-2.689927030576445,-1.5595676192392862,-4.477830519044451,-0.0,-2.752543840909091
ESRRG,BPA_CID6623__prepared_state_008::ESRRG::pose_00043,0.9968127480663589,0.0018912202000829093,9.897,9.897,9.897,9.897,-10.311036501706257,-9.442819686814278,0.0018912202000829093,3.6399752444201727,-68.52795205774534,-42.33569577094306,0.4576548443839927,0.0,-32.89287608412878,-10.31292772190634,-0.45599999999999996,-0.6065315589238974,-2.689919807801608,-1.5595634316142584,-4.500971968152659,-0.0,-2.752543840909091
ESRRG,BPA_CID6623__prepared_state_008::ESRRG::pose_00045,0.9968127480663589,0.0018912202000829093,9.897,9.897,9.897,9.897,-10.303375079997503,-9.54422731807836,0.0018912202000829093,3.6359933272159513,-68.21129443816942,-42.03785734671766,0.4576548443839927,0.0,-32.4936300286393,-10.305266300197585,-0.458834810941022,-0.6060808870586767,-2.6879211134892675,-1.5584046273437886,-4.495226893587745,-0.0,-2.752543840909091
ESRRG,BPA_CID6623__prepared_state_008::ESRRG::pose_00048,0.9968127480663589,0.0018912202000829093,9.897,9.897,9.897,9.897,-10.261773448862947,-8.919610392488728,0.0018912202000829093,3.4002412106439426,-68.07935514044645,-41.901041428868105,0.4576548443839927,0.0,-32.98143103637938,-10.26366466906303,-0.45599999999999996,-0.6036337322860557,-2.677068174349038,-1.5521123033274569,-4.525762561845653,-0.0,-2.752543840909091
ESRRG,BPA_CID6623__prepared_state_008::ESRRG::pose_00071,0.9968127480663589,0.0018912202000829093,9.897,9.897,9.897,9.897,-9.925221691783854,-10.227376110969635,0.0018912202000829093,4.534855990059841,-62.691513765064286,-37.994658124894144,0.6537926348342753,0.0,-27.767282013924508,-9.927112911983937,-0.45599999999999996,-0.5838365701049326,-2.58926931556625,-1.5012082246638596,-4.449891188567451,-0.0,-2.752543840909091
ESRRG,BPA_CID6623__prepared_state_008::ESRRG::pose_00099,0.9968127480663589,0.0018912202000829093,9.897,9.897,9.897,9.897,-9.721663654225983,-7.360402634530596,0.0018912202000829093,2.083857924427834,-62.51766070055516,-37.14821569119429,0.6537926348342753,0.0,-29.78781305666369,-9.723554874426066,-0.7283211906184923,-0.571862567895646,-2.5361655565820262,-1.47041969321662,-4.303031429719984,-0.0,-2.752543840909091
ESRRG,BPA_CID6623__prepared_state_008::ESRRG::pose_00114,0.9968127480663589,0.0018912202000829093,9.897,9.897,9.897,9.897,-9.564623073659297,-4.934579064453052,0.0018912202000829093,1.546844480215018,-63.974810957308264,-38.76341695659115,0.4576548443839927,0.0,-33.8288378921381,-9.56651429385938,-0.29315523868442456,-0.562624886685841,-2.4951971662339663,-1.4466670135814788,-4.5468413043749925,-0.0,-2.752543840909091
ESRRG,BPA_CID6623__prepared_state_008::ESRRG::pose_00115,0.9968127480663589,0.0018912202000829093,9.897,9.897,9.897,9.897,-9.562228762063295,-5.282423576459719,0.0018912202000829093,1.7805251281256478,-63.28605249148718,-38.19800230648156,0.4576548443839927,0.0,-32.91557873002184,-9.564119982263378,-0.22864843716502797,-0.5624840448272527,-2.4945725436572674,-1.4463048695032965,-4.602440075603199,-0.0,-2.752543840909091
ESRRG,BPA_CID6623__prepared_state_008::ESRRG::pose_00127,0.9968127480663589,0.0018912202000829093,9.897,9.897,9.897,9.897,-9.486910509429745,-9.555834388504397,0.0018912202000829093,2.023181255306733,-59.057704206880004,-34.2955634924586,0.4576548443839927,0.0,-24.739729103954204,-9.488801729629827,-0.48098589688909654,-0.5580535593782203,-2.474923688800196,-1.4349128438305203,-4.042565222742262,-0.0,-2.752543840909091
ESRRG,BPA_CID6623__prepared_state_008::ESRRG::pose_00135,0.9968127480663589,0.0018912202000829093,9.897,9.897,9.897,9.897,-9.4446378071375,-9.80463052951497,0.0018912202000829093,2.9735988899797743,-57.61304535337465,-33.44093567547279,0.4576548443839927,0.0,-23.636305145957813,-9.446529027337583,-0.48186541104310726,-0.5555669298316177,-2.4638956821389457,-1.4285190190545543,-4.01726478304424,-0.0,-2.752543840909091
ESRRG,BPA_CID6623__prepared_state_008::ESRRG::pose_00138,0.9968127480663589,0.0018912202000829093,9.897,9.897,9.897,9.897,-9.420829739573895,-9.793078407603783,0.0018912202000829093,3.4039709136274965,-57.077966564558665,-33.185710994057175,0.4576548443839927,0.0,-23.392632586453388,-9.422720959773978,-0.48352547232748894,-0.5541664552690526,-2.457684687491199,-1.4249180045936456,-4.005713100458151,-0.0,-2.752543840909091
ESRRG,BPA_CID6623__prepared_state_008::ESRRG::pose_00172,0.9968127480663589,0.0018912202000829093,9.897,9.897,9.897,9.897,-9.182741661387782,-9.971043218516439,0.0018912202000829093,4.432743811712424,-51.06090463115243,-28.3297365724586,0.6537926348342753,0.0,-18.35869335394216,-9.184632881587865,-0.45599999999999996,-0.5401612741992813,-2.3955728098532654,-1.3889067403351074,-4.216290525038475,-0.0,-2.752543840909091
ESRRG,BPA_CID6623__prepared_state_008::ESRRG::pose_00190,0.9968127480663589,0.0018912202000829093,9.897,9.897,9.897,9.897,-9.087966810450592,-2.5745084370203744,0.0018912202000829093,2.827281652124997,-61.00754285522484,-37.73107364473471,0.6537926348342753,0.0,-35.15656520771433,-9.089858030650674,-0.42101944286799753,-0.5345862829676818,-2.370848161775916,-1.3745718680132146,-4.4260828557690886,-0.0,-2.752543840909091
NR1I2,BPA_CID6623__prepared_state_008::NR1I2::pose_00145,0.9968127480663589,0.0018912202000829093,9.897,9.897,9.897,9.897,-7.834790205260001,-1.5703827709725457,0.0018912202000829093,2.5494876437194183,-45.14600627068295,-31.839899697777156,0.6537926348342753,0.0,-30.26951692680461,-7.836681425460084,-0.16033262255398006,-0.4608700120741177,-2.0439222923526117,-1.1850265777326177,-3.8573146956723754,-0.0,-2.7237934800818904
NR1I2,BPA_CID6623__prepared_state_008::NR1I2::pose_00159,0.9968127480663589,0.0018912202000829093,9.897,9.897,9.897,9.897,-7.804962755573511,-1.5105390966558578,0.0018912202000829093,2.4592231300646716,-44.80928033723476,-31.513538159454697,0.6537926348342753,0.0,-30.00299906279884,-7.806853975773594,-0.1371726971357404,-0.45911545621020655,-2.0361409749540536,-1.1805151205399613,-3.884122412019451,-0.0,-2.7126206838143565
NR1I2,BPA_CID6623__prepared_state_008::NR1I2::pose_00179,0.9968127480663589,0.0018912202000829093,9.897,9.897,9.897,9.897,-7.731082401250205,-1.164800672326508,0.0018912202000829093,2.036270760665129,-44.64798825592946,-31.278230935313676,0.6537926348342753,0.0,-30.11343026298717,-7.732973621450288,-0.14560698987290113,-0.45476955301471794,-2.0168672357457034,-1.169340579658619,-3.833175158711846,-0.0,-2.727592493701481
NR1I2,BPA_CID6623__prepared_state_008::NR1I2::pose_00187,0.9968127480663589,0.0018912202000829093,9.897,9.897,9.897,9.897,-7.715627774144727,-0.9629926178478803,0.0018912202000829093,0.9665704194527738,-44.93491486662731,-31.05906209867377,0.6537926348342753,0.0,-30.09606948082589,-7.717518994344809,-0.1346733474454491,-0.45386045730263097,-2.012835467691509,-1.1670030385899832,-3.868555627006097,-0.0,-2.7188302880090616
NR1I2,BPA_CID6623__prepared_state_008::NR1I2::pose_00301,0.9968127480663589,0.0018912202000829093,9.897,9.897,9.897,9.897,-7.344512980128929,-1.1202845004379813,0.0018912202000829093,2.239806161852277,-44.618802732817684,-32.07006027757728,0.6537926348342753,0.0,-30.949775777139298,-7.346404200329012,0.0,-0.43203017530170174,-1.9160198822529242,-1.110871236362116,-3.630132636139314,-0.0,-2.654532735101312
NR1I2,BPA_CID6623__prepared_state_008::NR1I2::pose_00313,0.9968127480663589,0.0018912202000829093,9.897,9.897,9.897,9.897,-7.3123506561619385,-1.126128891577809,0.0018912202000829093,1.1236199044159063,-45.038720272071956,-31.991725583595873,0.6537926348342753,0.0,-30.865596692018062,-7.314241876362021,0.0,-0.43013827389187875,-1.9076294481496772,-1.1060066250956977,-3.5991219491195285,-0.0,-2.656713393739194
NR1I2,BPA_CID6623__prepared_state_008::NR1I2::pose_00366,0.9968127480663589,0.0018912202000829093,9.897,9.897,9.897,9.897,-7.163359831774555,-1.0794395460860255,0.0018912202000829093,1.7522895199073876,-44.033701536579,-31.578252480513225,0.6537926348342753,0.0,-30.4988129344272,-7.1652510519746375,0.0,-0.4213741077514444,-1.868761059929541,-1.0834714860413288,-3.545444562924551,-0.0,-2.5867425452500985
NR1I2,BPA_CID6623__prepared_state_008::NR1I2::pose_00416,0.9968127480663589,0.0018912202000829093,9.897,9.897,9.897,9.897,-6.984771377489973,-0.8870851544918265,0.0018912202000829093,1.5160565907869898,-42.700105339246775,-30.458819694857183,0.6537926348342753,0.0,-29.571734540365355,-6.986662597690056,0.0,-0.4108689045582337,-1.8221713091760376,-1.0564596504645019,-3.466985261359726,-0.0,-2.561820470972563
NR1I2,BPA_CID6623__prepared_state_008::NR1I2::pose_00449,0.9968127480663589,0.0018912202000829093,9.897,9.897,9.897,9.897,-6.859679128340812,-0.9788764796082514,0.0018912202000829093,3.8443945700584745,-42.14028765796758,-31.295916379906338,0.6537926348342753,0.0,-30.317039900298084,-6.861570348540894,-0.04418425379200288,-0.4035105369612242,-1.7895375270404492,-1.0375392153250154,-3.504718000552149,-0.0,-2.3037772620748744
NR1I2,BPA_CID6623__prepared_state_008::NR1I2::pose_00471,0.9968127480663589,0.0018912202000829093,9.897,9.897,9.897,9.897,-6.8124511723738586,-0.6743436897450497,0.0018912202000829093,4.1297067990563665,-42.210921721379535,-31.597078416199473,0.6537926348342753,0.0,-30.922734726454422,-6.814342392573941,0.0,-0.4007324219043446,-1.7772168050435415,-1.0303958992225304,-3.4984878962124193,-0.0,-2.322358841411319
NR1I2,BPA_CID6623__prepared_state_008::NR1I2::pose_00473,0.9968127480663589,0.0018912202000829093,9.897,9.897,9.897,9.897,-6.8085214661559395,-2.038478101848935,0.0018912202000829093,1.489627420369466,-42.094978623239086,-30.16840720045724,0.6537926348342753,0.0,-28.129929098608304,-6.810412686356022,-0.32,-0.40050126271505526,-1.7761916322015414,-1.0298015238545992,-3.096561220513815,-0.0,-2.335375930468727
NR1I2,BPA_CID6623__prepared_state_008::NR1I2::pose_00485,0.9968127480663589,0.0018912202000829093,9.897,9.897,9.897,9.897,-6.763983619383569,-0.9351011383307236,0.0018912202000829093,1.1484969205364601,-41.585953889027955,-29.571683884685314,0.6537926348342753,0.0,-28.63658274635459,-6.765874839583652,0.0,-0.39788138937550405,-1.764572699787714,-1.023065091766755,-3.2458465319318957,-0.0,-2.6017266344186925
NR1I2,BPA_CID6623__prepared_state_008::NR1I2::pose_00491,0.9968127480663589,0.0018912202000829093,9.897,9.897,9.897,9.897,-6.737099771581169,-1.0073540605043834,0.0018912202000829093,3.0967588801003707,-42.9683573278253,-31.978238119250623,0.6537926348342753,0.0,-30.97088405874624,-6.738990991781252,0.0,-0.3962999865635982,-1.7575593025699239,-1.0189988598290862,-3.411944671897106,-0.0,-2.281191642705452
NR1I2,BPA_CID6623__prepared_state_008::NR1I2::pose_00493,0.9968127480663589,0.0018912202000829093,9.897,9.897,9.897,9.897,-6.7284121926009925,-0.32220715778358594,0.0018912202000829093,1.8906842257855043,-40.76045383502115,-29.18346132108928,0.6537926348342753,0.0,-28.86125416330569,-6.730303412801075,0.0,-0.39578895250594076,-1.7552929066768679,-1.0176848473644322,-3.2696614088877554,-0.0,-2.6230408569147725
NR1I2,BPA_CID6623__prepared_state_008::NR1I2::pose_00494,0.9968127480663589,0.0018912202000829093,9.897,9.897,9.897,9.897,-6.7283127331102985,-0.5580737848949174,0.0018912202000829093,2.412205019785927,-42.11937367053371,-30.80332660692697,0.6537926348342753,0.0,-30.24525282203205,-6.730203953310381,0.0,-0.39578310194766464,-1.7552669599105999,-1.0176698039316416,-3.438952720963474,-0.0,-2.3490701583453424
NR1I2,BPA_CID6623__prepared_state_008::NR1I2::pose_00531,0.9968127480663589,0.0018912202000829093,9.897,9.897,9.897,9.897,-6.642804017634485,-1.630646177873707,0.0018912202000829093,1.7338098604009842,-43.19736170350221,-31.70121371350714,0.6537926348342753,0.0,-30.070567535633433,-6.644695237834568,-0.2150417812784733,-0.3907531775079109,-1.732959640228432,-1.004736451817301,-2.9987300612542467,-0.0,-2.336590726673394
NR1I2,BPA_CID6623__prepared_state_008::NR1I2::pose_00533,0.9968127480663589,0.0018912202000829093,9.897,9.897,9.897,9.897,-6.630856087312667,-1.6443560142391678,0.0018912202000829093,1.6302659850456198,-43.22460066509075,-31.698910936030323,0.6537926348342753,0.0,-30.054554921791155,-6.63274730751275,-0.22336105201355477,-0.3900503580772157,-1.7298426912747964,-1.0029293051535977,-2.988970162403526,-0.0,-2.324827579704512
NR1I2,BPA_CID6623__prepared_state_008::NR1I2::pose_00552,0.9968127480663589,0.0018912202000829093,9.897,9.897,9.897,9.897,-6.553876818785981,-1.8417819927728,0.0018912202000829093,2.454282246657515,-42.724633841645236,-31.754179093756207,0.6537926348342753,0.0,-29.91239710098341,-6.555768038986064,-0.21444794037390416,-0.38552216581094007,-1.709760514360211,-0.991286047740362,-2.955987602961377,-0.0,-2.267237976519967
NR1I2,BPA_CID6623__prepared_state_008::NR1I2::pose_00553,0.9968127480663589,0.0018912202000829093,9.897,9.897,9.897,9.897,-6.540773521420051,-1.664624775465239,0.0018912202000829093,1.8564043840410314,-42.907596861731555,-31.66258304541222,0.6537926348342753,0.0,-29.99795826994698,-6.542664741620134,-0.1565469070088299,-0.38475138361294414,-1.7063421558735257,-0.9893041496642481,-2.978393471290931,-0.0,-2.311925368337513
NR1I2,BPA_CID6623__prepared_state_008::NR1I2::pose_00556,0.9968127480663589,0.0018912202000829093,9.897,9.897,9.897,9.897,-6.52773042402744,-0.08912886799548374,0.0018912202000829093,3.162572639446264,-40.55973442423799,-29.992072591036205,0.6537926348342753,0.0,-29.90294372304072,-6.529621644227523,0.0,-0.3839841425898494,-1.702939502219292,-0.9873313569459667,-3.439489921184296,-0.0,-2.235407841526143
